dataset,10,20,30,40,50,60,70,80,90,100
SEIR015_sl1000_mr0125_nv10_1,0.623,0.691,0.706,0.792,0.794,0.764,0.667,0.598,0.558,0.558
SEIR015_sl1000_mr0125_nv10_10,0.643,0.72,0.762,0.842,0.765,0.765,0.765,0.688,0.667,0.667
SEIR015_sl1000_mr0125_nv10_11,0.514,0.529,0.581,0.692,0.75,0.75,0.636,0.526,0.526,0.526
SEIR015_sl1000_mr0125_nv10_12,0.6,0.649,0.667,0.8,0.769,0.72,0.421,0.421,0.421,0.421
SEIR015_sl1000_mr0125_nv10_13,0.726,0.762,0.807,0.86,0.879,0.854,0.841,0.709,0.709,0.709
SEIR015_sl1000_mr0125_nv10_14,0.71,0.731,0.79,0.829,0.838,0.846,0.8,0.727,0.706,0.69
SEIR015_sl1000_mr0125_nv10_15,0.538,0.564,0.549,0.658,0.685,0.667,0.5,0.4,0.4,0.4
SEIR015_sl1000_mr0125_nv10_16,0.697,0.697,0.716,0.754,0.75,0.76,0.733,0.707,0.707,0.707
SEIR015_sl1000_mr0125_nv10_17,0.595,0.647,0.646,0.679,0.717,0.717,0.692,0.612,0.625,0.625
SEIR015_sl1000_mr0125_nv10_18,0.667,0.667,0.667,0.696,0.667,0.737,0.588,0.588,0.588,0.588
SEIR015_sl1000_mr0125_nv10_19,0.454,0.494,0.548,0.607,0.615,0.615,0.627,0.612,0.625,0.625
SEIR015_sl1000_mr0125_nv10_2,0.667,0.732,0.743,0.759,0.741,0.741,0.741,0.692,0.692,0.692
SEIR015_sl1000_mr0125_nv10_20,0.696,0.745,0.776,0.857,0.9,0.897,0.771,0.754,0.716,0.716
SEIR015_sl1000_mr0125_nv10_3,0.615,0.64,0.667,0.7,0.737,0.778,0.625,0.625,0.625,0.625
SEIR015_sl1000_mr0125_nv10_4,0.75,0.75,0.727,0.8,0.8,0.8,0.778,0.75,0.75,0.75
SEIR015_sl1000_mr0125_nv10_5,0.431,0.465,0.418,0.494,0.466,0.444,0.423,0.377,0.328,0.328
SEIR015_sl1000_mr0125_nv10_6,0.596,0.68,0.682,0.714,0.689,0.689,0.632,0.604,0.52,0.52
SEIR015_sl1000_mr0125_nv10_7,0.621,0.678,0.725,0.767,0.775,0.774,0.673,0.604,0.602,0.602
SEIR015_sl1000_mr0125_nv10_8,0.548,0.63,0.625,0.703,0.686,0.625,0.5,0.5,0.435,0.435
SEIR015_sl1000_mr0125_nv10_9,0.39,0.476,0.517,0.558,0.389,0.412,0.323,0.357,0.357,0.37
SEIR015_sl1000_mr025_nv10_1,0.857,0.857,0.857,0.857,0.8,0.842,0.842,0.842,0.842,0.842
SEIR015_sl1000_mr025_nv10_10,0.541,0.69,0.714,0.762,0.5,0.5,0.5,0.4,0.4,0.4
SEIR015_sl1000_mr025_nv10_11,0.624,0.703,0.729,0.761,0.8,0.776,0.696,0.585,0.585,0.585
SEIR015_sl1000_mr025_nv10_12,0.571,0.667,0.8,0.87,0.9,0.842,0.778,0.625,0.625,0.625
SEIR015_sl1000_mr025_nv10_13,0.333,0.333,0.37,0.32,0.348,0.364,0.3,0.222,0.222,0.222
SEIR015_sl1000_mr025_nv10_14,0.59,0.657,0.667,0.717,0.745,0.72,0.667,0.579,0.541,0.541
SEIR015_sl1000_mr025_nv10_15,0.425,0.485,0.476,0.522,0.5,0.485,0.413,0.386,0.391,0.395
SEIR015_sl1000_mr025_nv10_16,0.634,0.743,0.75,0.774,0.786,0.769,0.72,0.667,0.667,0.667
SEIR015_sl1000_mr025_nv10_17,0.63,0.673,0.727,0.753,0.743,0.754,0.708,0.552,0.526,0.526
SEIR015_sl1000_mr025_nv10_18,0.574,0.612,0.667,0.741,0.722,0.706,0.677,0.618,0.618,0.618
SEIR015_sl1000_mr025_nv10_19,0.643,0.679,0.694,0.8,0.833,0.857,0.75,0.621,0.621,0.621
SEIR015_sl1000_mr025_nv10_2,0.591,0.654,0.622,0.685,0.722,0.731,0.595,0.525,0.506,0.513
SEIR015_sl1000_mr025_nv10_20,0.533,0.538,0.667,0.667,0.625,0.571,0.571,0.615,0.615,0.615
SEIR015_sl1000_mr025_nv10_3,0.767,0.786,0.822,0.887,0.903,0.889,0.847,0.769,0.773,0.757
SEIR015_sl1000_mr025_nv10_4,0.631,0.672,0.704,0.795,0.829,0.8,0.703,0.597,0.576,0.576
SEIR015_sl1000_mr025_nv10_5,0.698,0.704,0.748,0.808,0.817,0.851,0.765,0.693,0.658,0.639
SEIR015_sl1000_mr025_nv10_6,0.714,0.769,0.785,0.8,0.857,0.829,0.737,0.657,0.657,0.657
SEIR015_sl1000_mr025_nv10_7,0.8,0.8,0.842,0.889,0.889,0.889,0.824,0.75,0.75,0.75
SEIR015_sl1000_mr025_nv10_8,0.755,0.792,0.837,0.878,0.865,0.857,0.824,0.788,0.788,0.788
SEIR015_sl1000_mr025_nv10_9,0.747,0.752,0.791,0.889,0.907,0.895,0.766,0.705,0.69,0.69
SEIR015_sl1000_mr025_nv20_1,0.553,0.571,0.55,0.629,0.625,0.593,0.538,0.476,0.476,0.476
SEIR015_sl1000_mr025_nv20_10,0.533,0.615,0.583,0.636,0.667,0.632,0.4,0.429,0.429,0.429
SEIR015_sl1000_mr025_nv20_11,0.686,0.727,0.8,0.815,0.8,0.8,0.75,0.696,0.696,0.696
SEIR015_sl1000_mr025_nv20_12,0.441,0.491,0.52,0.542,0.591,0.585,0.6,0.579,0.629,0.629
SEIR015_sl1000_mr025_nv20_13,0.667,0.667,0.64,0.727,0.762,0.8,0.8,0.8,0.778,0.778
SEIR015_sl1000_mr025_nv20_14,0.667,0.702,0.769,0.844,0.8,0.8,0.667,0.588,0.5,0.5
SEIR015_sl1000_mr025_nv20_15,0.519,0.535,0.613,0.655,0.679,0.692,0.667,0.591,0.591,0.605
SEIR015_sl1000_mr025_nv20_16,0.778,0.789,0.836,0.82,0.847,0.828,0.8,0.792,0.769,0.769
SEIR015_sl1000_mr025_nv20_17,0.712,0.738,0.782,0.824,0.852,0.808,0.722,0.607,0.607,0.607
SEIR015_sl1000_mr025_nv20_18,0.508,0.547,0.554,0.636,0.683,0.667,0.587,0.556,0.556,0.556
SEIR015_sl1000_mr025_nv20_19,0.452,0.452,0.467,0.444,0.48,0.435,0.5,0.333,0.333,0.333
SEIR015_sl1000_mr025_nv20_2,0.677,0.71,0.733,0.815,0.898,0.917,0.818,0.762,0.762,0.762
SEIR015_sl1000_mr025_nv20_20,0.6,0.625,0.636,0.526,0.588,0.588,0.606,0.581,0.581,0.581
SEIR015_sl1000_mr025_nv20_3,0.493,0.585,0.619,0.672,0.682,0.683,0.667,0.644,0.621,0.621
SEIR015_sl1000_mr025_nv20_4,0.6,0.628,0.675,0.71,0.702,0.679,0.679,0.549,0.549,0.549
SEIR015_sl1000_mr025_nv20_5,0.74,0.763,0.783,0.897,0.892,0.877,0.719,0.656,0.633,0.633
SEIR015_sl1000_mr025_nv20_6,0.705,0.733,0.774,0.814,0.81,0.784,0.732,0.667,0.646,0.646
SEIR015_sl1000_mr025_nv20_7,0.828,0.867,0.875,0.914,0.912,0.925,0.909,0.857,0.857,0.857
SEIR015_sl1000_mr025_nv20_8,0.488,0.535,0.595,0.685,0.672,0.708,0.705,0.678,0.696,0.696
SEIR015_sl1000_mr025_nv20_9,0.491,0.549,0.651,0.611,0.645,0.645,0.552,0.462,0.462,0.462
SEIR015_sl1000_mr025_nv5_1,0.449,0.465,0.588,0.667,0.783,0.727,0.25,0.133,0.133,0.133
SEIR015_sl1000_mr025_nv5_10,0.554,0.574,0.602,0.603,0.636,0.635,0.542,0.491,0.491,0.528
SEIR015_sl1000_mr025_nv5_11,0.532,0.537,0.571,0.731,0.667,0.659,0.528,0.418,0.418,0.431
SEIR015_sl1000_mr025_nv5_12,0.333,0.333,0.385,0.4,0.421,0.333,0.375,0.375,0.267,0.267
SEIR015_sl1000_mr025_nv5_13,0.583,0.658,0.703,0.794,0.8,0.755,0.694,0.524,0.524,0.524
SEIR015_sl1000_mr025_nv5_14,0.578,0.634,0.615,0.647,0.6,0.643,0.643,0.667,0.667,0.667
SEIR015_sl1000_mr025_nv5_15,0.562,0.615,0.675,0.737,0.715,0.724,0.54,0.505,0.5,0.472
SEIR015_sl1000_mr025_nv5_16,0.685,0.697,0.7,0.875,0.844,0.844,0.7,0.595,0.595,0.595
SEIR015_sl1000_mr025_nv5_17,0.702,0.721,0.772,0.814,0.825,0.805,0.714,0.586,0.561,0.561
SEIR015_sl1000_mr025_nv5_18,0.518,0.565,0.603,0.667,0.681,0.681,0.605,0.568,0.55,0.55
SEIR015_sl1000_mr025_nv5_19,0.263,0.294,0.357,0.357,0.4,0.476,0.476,0.476,0.526,0.526
SEIR015_sl1000_mr025_nv5_2,0.562,0.522,0.571,0.706,0.75,0.8,0.714,0.615,0.615,0.615
SEIR015_sl1000_mr025_nv5_20,0.482,0.526,0.577,0.651,0.629,0.597,0.492,0.421,0.364,0.364
SEIR015_sl1000_mr025_nv5_3,0.437,0.507,0.5,0.588,0.609,0.622,0.558,0.45,0.45,0.45
SEIR015_sl1000_mr025_nv5_4,0.535,0.58,0.65,0.75,0.756,0.736,0.625,0.472,0.451,0.451
SEIR015_sl1000_mr025_nv5_5,0.466,0.548,0.561,0.682,0.424,0.424,0.345,0.37,0.37,0.37
SEIR015_sl1000_mr025_nv5_6,0.32,0.378,0.378,0.403,0.416,0.404,0.282,0.228,0.228,0.231
SEIR015_sl1000_mr025_nv5_7,0.579,0.629,0.635,0.76,0.696,0.696,0.513,0.444,0.444,0.444
SEIR015_sl1000_mr025_nv5_8,0.592,0.625,0.621,0.723,0.7,0.684,0.588,0.516,0.516,0.516
SEIR015_sl1000_mr025_nv5_9,0.466,0.471,0.49,0.53,0.571,0.579,0.522,0.515,0.492,0.492
SEIR015_sl1000_mr05_nv10_1,0.473,0.391,0.429,0.562,0.552,0.571,0.615,0.435,0.435,0.435
SEIR015_sl1000_mr05_nv10_10,0.842,0.842,0.842,0.842,0.842,0.842,0.842,0.842,0.842,0.842
SEIR015_sl1000_mr05_nv10_11,0.296,0.348,0.421,0.353,0.375,0.4,0.4,0.462,0.462,0.462
SEIR015_sl1000_mr05_nv10_12,0.696,0.696,0.727,0.842,0.842,0.842,0.706,0.706,0.706,0.625
SEIR015_sl1000_mr05_nv10_13,0.753,0.783,0.815,0.867,0.879,0.887,0.792,0.745,0.745,0.745
SEIR015_sl1000_mr05_nv10_14,0.522,0.567,0.559,0.629,0.633,0.641,0.568,0.507,0.507,0.507
SEIR015_sl1000_mr05_nv10_15,0.579,0.667,0.667,0.667,0.636,0.526,0.353,0.143,0.143,0.143
SEIR015_sl1000_mr05_nv10_16,0.696,0.748,0.78,0.795,0.786,0.815,0.816,0.725,0.725,0.725
SEIR015_sl1000_mr05_nv10_17,0.612,0.656,0.71,0.752,0.73,0.716,0.651,0.564,0.561,0.566
SEIR015_sl1000_mr05_nv10_18,0.661,0.679,0.72,0.747,0.744,0.732,0.649,0.545,0.545,0.545
SEIR015_sl1000_mr05_nv10_19,0.58,0.652,0.667,0.676,0.719,0.71,0.712,0.643,0.627,0.6
SEIR015_sl1000_mr05_nv10_2,0.552,0.6,0.64,0.734,0.75,0.743,0.603,0.456,0.456,0.456
SEIR015_sl1000_mr05_nv10_20,0.328,0.338,0.33,0.322,0.317,0.305,0.259,0.2,0.204,0.213
SEIR015_sl1000_mr05_nv10_3,0.7,0.737,0.768,0.817,0.852,0.852,0.827,0.788,0.788,0.788
SEIR015_sl1000_mr05_nv10_4,0.511,0.529,0.557,0.551,0.554,0.531,0.448,0.407,0.415,0.415
SEIR015_sl1000_mr05_nv10_5,0.621,0.667,0.72,0.667,0.667,0.7,0.7,0.632,0.632,0.632
SEIR015_sl1000_mr05_nv10_6,0.596,0.658,0.638,0.733,0.764,0.755,0.708,0.652,0.591,0.591
SEIR015_sl1000_mr05_nv10_7,0.524,0.486,0.545,0.581,0.6,0.621,0.621,0.519,0.519,0.519
SEIR015_sl1000_mr05_nv10_8,0.635,0.688,0.698,0.747,0.771,0.754,0.769,0.7,0.7,0.7
SEIR015_sl1000_mr05_nv10_9,0.564,0.564,0.611,0.667,0.688,0.733,0.643,0.48,0.48,0.48
SEIR015_sl250_mr025_nv10_1,0.582,0.64,0.652,0.732,0.75,0.75,0.684,0.686,0.647,0.647
SEIR015_sl250_mr025_nv10_10,0.46,0.497,0.544,0.589,0.63,0.59,0.545,0.515,0.515,0.51
SEIR015_sl250_mr025_nv10_11,0.463,0.485,0.526,0.575,0.618,0.618,0.548,0.448,0.448,0.448
SEIR015_sl250_mr025_nv10_12,0.458,0.489,0.523,0.611,0.606,0.592,0.587,0.602,0.61,0.617
SEIR015_sl250_mr025_nv10_13,0.558,0.585,0.632,0.75,0.774,0.733,0.643,0.615,0.615,0.615
SEIR015_sl250_mr025_nv10_14,0.369,0.4,0.425,0.486,0.452,0.441,0.386,0.37,0.28,0.286
SEIR015_sl250_mr025_nv10_15,0.513,0.534,0.528,0.547,0.589,0.565,0.556,0.541,0.541,0.561
SEIR015_sl250_mr025_nv10_16,0.153,0.143,0.186,0.222,0.167,0.176,0.175,0.157,0.163,0.174
SEIR015_sl250_mr025_nv10_17,0.383,0.444,0.429,0.5,0.476,0.4,0.333,0.125,0.125,0.125
SEIR015_sl250_mr025_nv10_18,0.372,0.421,0.424,0.375,0.333,0.345,0.385,0.19,0.19,0.19
SEIR015_sl250_mr025_nv10_19,0.512,0.537,0.535,0.557,0.6,0.576,0.548,0.448,0.421,0.407
SEIR015_sl250_mr025_nv10_2,0.206,0.27,0.226,0.275,0.318,0.318,0.286,0.256,0.263,0.278
SEIR015_sl250_mr025_nv10_20,0.591,0.591,0.588,0.597,0.613,0.622,0.657,0.677,0.677,0.677
SEIR015_sl250_mr025_nv10_3,0.571,0.537,0.564,0.611,0.629,0.629,0.562,0.516,0.5,0.519
SEIR015_sl250_mr025_nv10_4,0.61,0.61,0.621,0.667,0.679,0.679,0.694,0.681,0.681,0.681
SEIR015_sl250_mr025_nv10_5,0.7,0.7,0.778,0.824,0.75,0.75,0.8,0.714,0.714,0.714
SEIR015_sl250_mr025_nv10_6,0.511,0.517,0.535,0.557,0.579,0.548,0.5,0.462,0.462,0.462
SEIR015_sl250_mr025_nv10_7,0.4,0.4,0.421,0.333,0.353,0.353,0.375,0.375,0.375,0.375
SEIR015_sl250_mr025_nv10_8,0.643,0.701,0.738,0.764,0.72,0.72,0.652,0.571,0.585,0.585
SEIR015_sl250_mr025_nv10_9,0.483,0.528,0.622,0.684,0.71,0.71,0.571,0.4,0.348,0.286
SEIR015_sl500_mr025_nv10_1,0.593,0.64,0.696,0.6,0.632,0.632,0.632,0.556,0.556,0.556
SEIR015_sl500_mr025_nv10_10,0.726,0.759,0.792,0.831,0.847,0.843,0.74,0.667,0.667,0.667
SEIR015_sl500_mr025_nv10_11,0.457,0.5,0.56,0.421,0.143,0.167,0,0,0,0
SEIR015_sl500_mr025_nv10_12,0.511,0.561,0.633,0.654,0.646,0.653,0.598,0.481,0.487,0.487
SEIR015_sl500_mr025_nv10_13,0.5,0.5,0.553,0.563,0.542,0.561,0.566,0.56,0.571,0.596
SEIR015_sl500_mr025_nv10_14,0.667,0.727,0.8,0.889,0.941,0.941,0.941,0.875,0.875,0.875
SEIR015_sl500_mr025_nv10_15,0.624,0.649,0.69,0.767,0.729,0.725,0.667,0.598,0.581,0.581
SEIR015_sl500_mr025_nv10_16,0.468,0.579,0.629,0.667,0.667,0.692,0.526,0.444,0.444,0.444
SEIR015_sl500_mr025_nv10_17,0.634,0.667,0.722,0.788,0.839,0.839,0.8,0.828,0.828,0.828
SEIR015_sl500_mr025_nv10_18,0.529,0.556,0.603,0.642,0.605,0.571,0.55,0.343,0.343,0.343
SEIR015_sl500_mr025_nv10_19,0.667,0.714,0.8,0.818,0.842,0.889,0.889,0.824,0.75,0.75
SEIR015_sl500_mr025_nv10_2,0.5,0.5,0.5,0.625,0.625,0.625,0.333,0.333,0.333,0.333
SEIR015_sl500_mr025_nv10_20,0.636,0.659,0.707,0.735,0.73,0.727,0.702,0.648,0.647,0.647
SEIR015_sl500_mr025_nv10_3,0.547,0.569,0.607,0.623,0.667,0.677,0.635,0.542,0.542,0.561
SEIR015_sl500_mr025_nv10_4,0.562,0.55,0.6,0.645,0.667,0.69,0.65,0.575,0.583,0.592
SEIR015_sl500_mr025_nv10_5,0.778,0.778,0.848,0.839,0.897,0.857,0.846,0.696,0.696,0.696
SEIR015_sl500_mr025_nv10_6,0.769,0.769,0.769,0.769,0.769,0.769,0.769,0.769,0.769,0.769
SEIR015_sl500_mr025_nv10_7,0.491,0.486,0.503,0.545,0.589,0.59,0.526,0.527,0.511,0.512
SEIR015_sl500_mr025_nv10_8,0.53,0.591,0.6,0.68,0.716,0.729,0.661,0.618,0.606,0.598
SEIR015_sl500_mr025_nv10_9,0.714,0.714,0.714,0.692,0.692,0.636,0.7,0.7,0.7,0.7
SEIR01_sl1000_mr0125_nv10_1,0.711,0.727,0.683,0.718,0.743,0.706,0.727,0.71,0.71,0.71
SEIR01_sl1000_mr0125_nv10_10,0.779,0.806,0.831,0.868,0.885,0.863,0.848,0.796,0.796,0.796
SEIR01_sl1000_mr0125_nv10_11,0.857,0.857,0.889,0.923,0.923,0.923,0.88,0.833,0.833,0.833
SEIR01_sl1000_mr0125_nv10_12,0.375,0.286,0.308,0.182,0.25,0.286,0.286,0.333,0.333,0.333
SEIR01_sl1000_mr0125_nv10_13,0.857,0.857,0.857,0.857,0.857,0.857,0.857,0.857,0.857,0.857
SEIR01_sl1000_mr0125_nv10_14,0.879,0.879,0.892,0.951,0.951,0.951,0.893,0.873,0.873,0.873
SEIR01_sl1000_mr0125_nv10_15,0.73,0.742,0.733,0.826,0.826,0.826,0.737,0.629,0.629,0.629
SEIR01_sl1000_mr0125_nv10_16,0.667,0.667,0.706,0.857,0.857,0.857,0.545,0.4,0.4,0.4
SEIR01_sl1000_mr0125_nv10_17,0.833,0.833,0.833,0.833,0.833,0.833,0.833,0.833,0.833,0.833
SEIR01_sl1000_mr0125_nv10_18,0.782,0.804,0.812,0.839,0.831,0.871,0.878,0.864,0.864,0.864
SEIR01_sl1000_mr0125_nv10_19,0.795,0.829,0.879,0.867,0.877,0.877,0.836,0.815,0.815,0.815
SEIR01_sl1000_mr0125_nv10_2,0.8,0.8,0.857,0.889,0.923,0.941,0.875,0.773,0.773,0.773
SEIR01_sl1000_mr0125_nv10_20,0.906,0.906,0.906,0.906,0.923,0.898,0.917,0.917,0.894,0.894
SEIR01_sl1000_mr0125_nv10_3,0.756,0.782,0.81,0.883,0.865,0.849,0.765,0.708,0.708,0.708
SEIR01_sl1000_mr0125_nv10_4,0.698,0.772,0.784,0.826,0.791,0.791,0.791,0.732,0.732,0.732
SEIR01_sl1000_mr0125_nv10_5,0.846,0.846,0.863,0.875,0.884,0.894,0.864,0.837,0.837,0.837
SEIR01_sl1000_mr0125_nv10_6,0.724,0.756,0.804,0.866,0.857,0.867,0.78,0.693,0.693,0.693
SEIR01_sl1000_mr0125_nv10_7,0.822,0.822,0.841,0.911,0.947,0.947,0.841,0.824,0.824,0.824
SEIR01_sl1000_mr0125_nv10_8,0.571,0.571,0.615,0.667,0.667,0.667,0.545,0.4,0.4,0.4
SEIR01_sl1000_mr0125_nv10_9,0.807,0.821,0.844,0.907,0.903,0.911,0.829,0.769,0.769,0.769
SEIR01_sl1000_mr025_nv10_1,0.743,0.765,0.781,0.857,0.852,0.868,0.776,0.696,0.696,0.696
SEIR01_sl1000_mr025_nv10_10,0.778,0.778,0.778,0.778,0.778,0.778,0.778,0.778,0.778,0.778
SEIR01_sl1000_mr025_nv10_11,0.773,0.786,0.805,0.849,0.87,0.882,0.812,0.787,0.787,0.787
SEIR01_sl1000_mr025_nv10_12,0.737,0.737,0.737,0.706,0.75,0.667,0.714,0.769,0.769,0.769
SEIR01_sl1000_mr025_nv10_13,0.571,0.643,0.638,0.718,0.722,0.722,0.516,0.414,0.357,0.357
SEIR01_sl1000_mr025_nv10_14,0.8,0.8,0.805,0.873,0.899,0.866,0.787,0.737,0.737,0.737
SEIR01_sl1000_mr025_nv10_15,0.727,0.727,0.727,0.8,0.8,0.8,0.667,0.667,0.667,0.667
SEIR01_sl1000_mr025_nv10_16,0.739,0.796,0.828,0.881,0.902,0.889,0.817,0.746,0.727,0.727
SEIR01_sl1000_mr025_nv10_17,0.689,0.704,0.742,0.729,0.741,0.75,0.727,0.703,0.703,0.703
SEIR01_sl1000_mr025_nv10_18,0.842,0.842,0.842,0.842,0.889,0.824,0.824,0.824,0.824,0.824
SEIR01_sl1000_mr025_nv10_19,0.683,0.707,0.729,0.754,0.761,0.745,0.713,0.714,0.716,0.716
SEIR01_sl1000_mr025_nv10_2,0.846,0.846,0.863,0.894,0.933,0.909,0.85,0.821,0.821,0.821
SEIR01_sl1000_mr025_nv10_20,0.737,0.737,0.737,0.778,0.824,0.824,0.667,0.667,0.667,0.667
SEIR01_sl1000_mr025_nv10_3,0.786,0.793,0.815,0.871,0.869,0.857,0.795,0.771,0.771,0.771
SEIR01_sl1000_mr025_nv10_4,0.752,0.806,0.826,0.876,0.866,0.854,0.791,0.764,0.759,0.759
SEIR01_sl1000_mr025_nv10_5,0.851,0.887,0.915,0.92,0.905,0.905,0.902,0.875,0.875,0.875
SEIR01_sl1000_mr025_nv10_6,0.8,0.8,0.8,0.8,0.714,0.769,0.769,0.769,0.769,0.769
SEIR01_sl1000_mr025_nv10_7,0.694,0.717,0.713,0.756,0.753,0.763,0.767,0.771,0.771,0.771
SEIR01_sl1000_mr025_nv10_8,0.774,0.767,0.793,0.846,0.846,0.846,0.8,0.816,0.816,0.816
SEIR01_sl1000_mr025_nv10_9,0.748,0.789,0.804,0.848,0.814,0.824,0.765,0.737,0.737,0.737
SEIR01_sl1000_mr025_nv20_1,0.816,0.816,0.838,0.939,0.939,0.939,0.847,0.786,0.786,0.786
SEIR01_sl1000_mr025_nv20_10,0.667,0.609,0.636,0.632,0.75,0.667,0.571,0.571,0.571,0.571
SEIR01_sl1000_mr025_nv20_11,0.8,0.8,0.8,0.8,0.8,0.8,0.8,0.8,0.8,0.8
SEIR01_sl1000_mr025_nv20_12,0.821,0.821,0.842,0.865,0.889,0.914,0.882,0.848,0.848,0.848
SEIR01_sl1000_mr025_nv20_13,0.783,0.812,0.831,0.847,0.86,0.881,0.838,0.854,0.854,0.854
SEIR01_sl1000_mr025_nv20_14,0.8,0.828,0.786,0.815,0.815,0.846,0.846,0.88,0.88,0.88
SEIR01_sl1000_mr025_nv20_15,0.8,0.8,0.83,0.898,0.957,0.909,0.8,0.769,0.769,0.769
SEIR01_sl1000_mr025_nv20_16,0.571,0.571,0.632,0.667,0.667,0.588,0.5,0.308,0.308,0.308
SEIR01_sl1000_mr025_nv20_17,0.857,0.857,0.873,0.885,0.88,0.857,0.826,0.844,0.844,0.844
SEIR01_sl1000_mr025_nv20_18,0.885,0.885,0.885,0.885,0.885,0.885,0.885,0.885,0.885,0.885
SEIR01_sl1000_mr025_nv20_19,0.917,0.917,0.926,0.926,0.943,0.943,0.933,0.923,0.923,0.923
SEIR01_sl1000_mr025_nv20_2,0.808,0.808,0.833,0.897,0.918,0.905,0.784,0.778,0.778,0.778
SEIR01_sl1000_mr025_nv20_20,0.716,0.737,0.812,0.833,0.828,0.828,0.807,0.741,0.692,0.692
SEIR01_sl1000_mr025_nv20_3,0.792,0.792,0.809,0.844,0.884,0.857,0.8,0.769,0.769,0.769
SEIR01_sl1000_mr025_nv20_4,0.75,0.75,0.75,0.75,0.75,0.75,0.75,0.75,0.75,0.75
SEIR01_sl1000_mr025_nv20_5,0.816,0.827,0.795,0.848,0.862,0.862,0.839,0.867,0.867,0.867
SEIR01_sl1000_mr025_nv20_6,0.957,0.957,0.957,0.957,0.957,0.957,0.957,0.957,0.957,0.957
SEIR01_sl1000_mr025_nv20_7,0.842,0.842,0.811,0.882,0.882,0.882,0.774,0.8,0.8,0.8
SEIR01_sl1000_mr025_nv20_8,0.6,0.6,0.6,0.6,0.6,0.6,0.6,0.6,0.6,0.6
SEIR01_sl1000_mr025_nv20_9,0.96,0.96,0.96,0.96,1,0.957,0.957,0.957,0.957,0.957
SEIR01_sl1000_mr025_nv5_1,0.667,0.667,0.66,0.718,0.73,0.74,0.743,0.716,0.716,0.716
SEIR01_sl1000_mr025_nv5_10,0.61,0.629,0.667,0.769,0.78,0.807,0.68,0.465,0.465,0.465
SEIR01_sl1000_mr025_nv5_11,0.561,0.612,0.578,0.65,0.722,0.706,0.625,0.552,0.5,0.5
SEIR01_sl1000_mr025_nv5_12,0.627,0.64,0.667,0.769,0.778,0.743,0.552,0.5,0.444,0.444
SEIR01_sl1000_mr025_nv5_13,0.846,0.846,0.846,0.917,0.917,0.917,0.818,0.818,0.818,0.818
SEIR01_sl1000_mr025_nv5_14,0.776,0.776,0.792,0.864,0.927,0.95,0.8,0.765,0.765,0.765
SEIR01_sl1000_mr025_nv5_15,0.676,0.706,0.738,0.702,0.679,0.667,0.622,0.537,0.537,0.537
SEIR01_sl1000_mr025_nv5_16,0.895,0.895,0.895,0.944,0.944,0.944,0.882,0.882,0.882,0.882
SEIR01_sl1000_mr025_nv5_17,0.769,0.769,0.8,0.87,0.909,0.857,0.737,0.667,0.667,0.667
SEIR01_sl1000_mr025_nv5_18,0.672,0.705,0.739,0.737,0.736,0.747,0.759,0.712,0.712,0.694
SEIR01_sl1000_mr025_nv5_19,0.864,0.864,0.905,0.94,0.948,0.939,0.897,0.82,0.82,0.82
SEIR01_sl1000_mr025_nv5_2,0.48,0.537,0.611,0.69,0.643,0.643,0.417,0.417,0.417,0.455
SEIR01_sl1000_mr025_nv5_20,0.621,0.643,0.642,0.694,0.638,0.652,0.591,0.605,0.619,0.634
SEIR01_sl1000_mr025_nv5_3,0.75,0.75,0.783,0.818,0.762,0.8,0.737,0.667,0.667,0.667
SEIR01_sl1000_mr025_nv5_4,0.677,0.688,0.713,0.809,0.813,0.813,0.699,0.691,0.658,0.658
SEIR01_sl1000_mr025_nv5_5,0.57,0.559,0.545,0.611,0.628,0.61,0.557,0.545,0.514,0.514
SEIR01_sl1000_mr025_nv5_6,0.667,0.667,0.667,0.75,0.75,0.75,0.571,0.571,0.571,0.571
SEIR01_sl1000_mr025_nv5_7,0.9,0.9,0.9,0.9,0.9,0.9,0.9,0.9,0.9,0.9
SEIR01_sl1000_mr025_nv5_8,0.772,0.83,0.83,0.894,0.894,0.844,0.78,0.75,0.769,0.769
SEIR01_sl1000_mr025_nv5_9,0.667,0.667,0.762,0.778,0.778,0.778,0.667,0.5,0.5,0.5
SEIR01_sl1000_mr05_nv10_1,0.706,0.75,0.774,0.857,0.833,0.783,0.727,0.6,0.6,0.6
SEIR01_sl1000_mr05_nv10_10,0.857,0.857,0.857,0.857,0.857,0.857,0.857,0.857,0.857,0.857
SEIR01_sl1000_mr05_nv10_11,0.69,0.718,0.757,0.758,0.774,0.78,0.78,0.759,0.772,0.772
SEIR01_sl1000_mr05_nv10_12,0.806,0.812,0.831,0.86,0.867,0.867,0.822,0.827,0.816,0.816
SEIR01_sl1000_mr05_nv10_13,0.7,0.7,0.737,0.824,0.875,0.8,0.615,0.5,0.5,0.5
SEIR01_sl1000_mr05_nv10_14,0.679,0.695,0.674,0.73,0.754,0.746,0.738,0.75,0.73,0.73
SEIR01_sl1000_mr05_nv10_15,0.833,0.833,0.857,0.875,0.875,0.875,0.828,0.786,0.786,0.786
SEIR01_sl1000_mr05_nv10_16,0.913,0.913,0.933,0.933,0.955,0.93,0.93,0.905,0.905,0.905
SEIR01_sl1000_mr05_nv10_17,0.772,0.8,0.8,0.909,0.93,0.93,0.85,0.722,0.722,0.722
SEIR01_sl1000_mr05_nv10_18,0.761,0.787,0.784,0.847,0.855,0.855,0.816,0.828,0.828,0.828
SEIR01_sl1000_mr05_nv10_19,0.476,0.556,0.588,0.571,0.333,0.333,0.333,0.333,0.4,0.4
SEIR01_sl1000_mr05_nv10_2,0.941,0.941,0.941,0.941,0.941,0.941,0.941,0.941,0.941,0.941
SEIR01_sl1000_mr05_nv10_20,0.794,0.81,0.838,0.895,0.891,0.88,0.833,0.804,0.804,0.804
SEIR01_sl1000_mr05_nv10_3,0.73,0.754,0.793,0.824,0.875,0.875,0.791,0.732,0.732,0.732
SEIR01_sl1000_mr05_nv10_4,0.667,0.643,0.692,0.696,0.762,0.762,0.8,0.8,0.8,0.8
SEIR01_sl1000_mr05_nv10_5,0.842,0.842,0.865,0.865,0.889,0.857,0.857,0.824,0.824,0.824
SEIR01_sl1000_mr05_nv10_6,0.718,0.747,0.796,0.815,0.831,0.842,0.754,0.677,0.677,0.677
SEIR01_sl1000_mr05_nv10_7,0.722,0.736,0.75,0.784,0.835,0.874,0.805,0.79,0.79,0.79
SEIR01_sl1000_mr05_nv10_8,0.875,0.875,0.875,0.875,0.875,0.875,0.875,0.875,0.875,0.875
SEIR01_sl1000_mr05_nv10_9,0.8,0.825,0.897,0.906,0.92,0.92,0.875,0.8,0.8,0.8
SEIR01_sl250_mr025_nv10_1,0.548,0.564,0.571,0.606,0.624,0.609,0.565,0.578,0.578,0.578
SEIR01_sl250_mr025_nv10_10,0.683,0.718,0.778,0.743,0.743,0.688,0.688,0.688,0.688,0.688
SEIR01_sl250_mr025_nv10_11,0.7,0.7,0.737,0.778,0.743,0.765,0.727,0.688,0.688,0.688
SEIR01_sl250_mr025_nv10_12,0.741,0.757,0.788,0.809,0.818,0.837,0.819,0.805,0.805,0.805
SEIR01_sl250_mr025_nv10_13,0.5,0.5,0.5,0.571,0.615,0.5,0.4,0.4,0.4,0.4
SEIR01_sl250_mr025_nv10_14,0.534,0.53,0.558,0.543,0.581,0.581,0.588,0.593,0.593,0.608
SEIR01_sl250_mr025_nv10_15,0.737,0.737,0.737,0.737,0.706,0.75,0.75,0.75,0.75,0.75
SEIR01_sl250_mr025_nv10_16,0.511,0.526,0.532,0.513,0.542,0.536,0.484,0.447,0.447,0.447
SEIR01_sl250_mr025_nv10_17,0.485,0.533,0.538,0.545,0.5,0.353,0.267,0.267,0.167,0.182
SEIR01_sl250_mr025_nv10_18,0.667,0.659,0.693,0.714,0.735,0.758,0.738,0.698,0.71,0.71
SEIR01_sl250_mr025_nv10_19,0.687,0.687,0.687,0.769,0.769,0.769,0.667,0.667,0.667,0.667
SEIR01_sl250_mr025_nv10_2,0.619,0.65,0.703,0.688,0.714,0.667,0.692,0.692,0.692,0.64
SEIR01_sl250_mr025_nv10_20,0.667,0.667,0.638,0.7,0.667,0.684,0.688,0.733,0.733,0.733
SEIR01_sl250_mr025_nv10_3,0.611,0.657,0.698,0.724,0.714,0.714,0.704,0.679,0.679,0.679
SEIR01_sl250_mr025_nv10_4,0.813,0.813,0.813,0.867,0.867,0.867,0.786,0.786,0.786,0.786
SEIR01_sl250_mr025_nv10_5,0.636,0.66,0.66,0.697,0.721,0.721,0.683,0.667,0.65,0.65
SEIR01_sl250_mr025_nv10_6,0.545,0.581,0.621,0.68,0.694,0.694,0.708,0.696,0.667,0.636
SEIR01_sl250_mr025_nv10_7,0.774,0.774,0.774,0.774,0.774,0.774,0.774,0.774,0.774,0.774
SEIR01_sl250_mr025_nv10_8,0.651,0.651,0.667,0.701,0.711,0.693,0.722,0.732,0.732,0.732
SEIR01_sl250_mr025_nv10_9,0.691,0.705,0.716,0.761,0.797,0.787,0.701,0.678,0.667,0.667
SEIR01_sl500_mr025_nv10_1,0.5,0.519,0.56,0.636,0.556,0.588,0.588,0.625,0.625,0.625
SEIR01_sl500_mr025_nv10_10,0.615,0.649,0.706,0.8,0.786,0.741,0.692,0.609,0.609,0.609
SEIR01_sl500_mr025_nv10_11,0.824,0.824,0.824,0.824,0.824,0.824,0.824,0.824,0.824,0.824
SEIR01_sl500_mr025_nv10_12,0.766,0.793,0.803,0.855,0.885,0.88,0.863,0.835,0.835,0.835
SEIR01_sl500_mr025_nv10_13,0.621,0.615,0.652,0.7,0.757,0.778,0.706,0.667,0.625,0.625
SEIR01_sl500_mr025_nv10_14,0.714,0.714,0.714,0.667,0.667,0.667,0.8,0.8,0.8,0.8
SEIR01_sl500_mr025_nv10_15,0.761,0.759,0.752,0.817,0.828,0.835,0.807,0.752,0.76,0.76
SEIR01_sl500_mr025_nv10_16,0.718,0.737,0.703,0.828,0.828,0.828,0.741,0.692,0.692,0.692
SEIR01_sl500_mr025_nv10_17,0.444,0.471,0.533,0.571,0.364,0.4,0.444,0.444,0.444,0.444
SEIR01_sl500_mr025_nv10_18,0.5,0.5,0.571,0.571,0.333,0.364,0.4,0.25,0.25,0.25
SEIR01_sl500_mr025_nv10_19,0.667,0.667,0.7,0.7,0.667,0.625,0.625,0.625,0.625,0.625
SEIR01_sl500_mr025_nv10_2,0.632,0.632,0.632,0.588,0.625,0.533,0.615,0.615,0.615,0.615
SEIR01_sl500_mr025_nv10_20,0.682,0.718,0.767,0.774,0.767,0.746,0.667,0.627,0.627,0.627
SEIR01_sl500_mr025_nv10_3,0.769,0.76,0.826,0.826,0.884,0.829,0.829,0.85,0.85,0.85
SEIR01_sl500_mr025_nv10_4,0.706,0.706,0.706,0.706,0.8,0.714,0.769,0.833,0.833,0.833
SEIR01_sl500_mr025_nv10_5,0.625,0.533,0.615,0.667,0.889,0.889,0.889,0.889,0.75,0.75
SEIR01_sl500_mr025_nv10_6,0.745,0.806,0.824,0.855,0.871,0.871,0.837,0.825,0.825,0.825
SEIR01_sl500_mr025_nv10_7,0.775,0.805,0.811,0.817,0.841,0.818,0.812,0.812,0.812,0.812
SEIR01_sl500_mr025_nv10_8,0.8,0.8,0.8,0.8,0.8,0.8,0.8,0.8,0.8,0.8
SEIR01_sl500_mr025_nv10_9,0.778,0.778,0.778,0.778,0.778,0.778,0.778,0.778,0.778,0.778
SIR003_sl1000_mr025_nv10_1,0.765,0.727,0.8,0.828,0.769,0.72,0.72,0.72,0.75,0.75
SIR003_sl1000_mr025_nv10_10,0.722,0.722,0.727,0.8,0.8,0.783,0.762,0.762,0.7,0.7
SIR003_sl1000_mr025_nv10_11,0.622,0.675,0.686,0.632,0.604,0.615,0.653,0.609,0.636,0.636
SIR003_sl1000_mr025_nv10_12,0.754,0.787,0.789,0.808,0.8,0.804,0.786,0.727,0.727,0.727
SIR003_sl1000_mr025_nv10_13,0.486,0.483,0.538,0.421,0.471,0.471,0.4,0.4,0.4,0.4
SIR003_sl1000_mr025_nv10_14,0.75,0.718,0.757,0.812,0.786,0.815,0.696,0.636,0.636,0.636
SIR003_sl1000_mr025_nv10_15,0.523,0.542,0.588,0.596,0.619,0.619,0.634,0.667,0.667,0.667
SIR003_sl1000_mr025_nv10_16,0.652,0.682,0.634,0.703,0.667,0.667,0.69,0.615,0.615,0.615
SIR003_sl1000_mr025_nv10_17,0.75,0.764,0.808,0.833,0.8,0.791,0.78,0.8,0.8,0.8
SIR003_sl1000_mr025_nv10_18,0.833,0.833,0.833,1,1,1,0.75,0.75,0.75,0.75
SIR003_sl1000_mr025_nv10_19,0.719,0.721,0.737,0.694,0.723,0.739,0.7,0.703,0.667,0.667
SIR003_sl1000_mr025_nv10_2,0.745,0.773,0.842,0.833,0.8,0.8,0.8,0.8,0.824,0.848
SIR003_sl1000_mr025_nv10_20,0.727,0.727,0.762,0.667,0.667,0.667,0.667,0.571,0.571,0.571
SIR003_sl1000_mr025_nv10_3,0.676,0.868,0.868,0.8,0.844,0.844,0.844,0.844,0.844,0.844
SIR003_sl1000_mr025_nv10_4,0.681,0.769,0.769,0.814,0.764,0.764,0.745,0.708,0.681,0.681
SIR003_sl1000_mr025_nv10_5,0.8,0.8,0.8,0.8,0.714,0.769,0.769,0.769,0.769,0.769
SIR003_sl1000_mr025_nv10_6,0.667,0.724,0.727,0.739,0.75,0.718,0.703,0.667,0.667,0.667
SIR003_sl1000_mr025_nv10_7,0.667,0.683,0.615,0.545,0.6,0.6,0.538,0.5,0.5,0.5
SIR003_sl1000_mr025_nv10_8,0.875,0.875,0.839,0.839,0.867,0.828,0.828,0.857,0.857,0.857
SIR003_sl1000_mr025_nv10_9,0.643,0.704,0.716,0.667,0.681,0.681,0.605,0.619,0.634,0.634
SIR003_sl1000_mr05_nv10_1,0.638,0.683,0.703,0.688,0.688,0.71,0.733,0.714,0.714,0.714
SIR003_sl1000_mr05_nv10_10,0.857,0.857,0.857,0.846,0.846,0.846,0.917,0.917,0.917,0.917
SIR003_sl1000_mr05_nv10_11,0.674,0.682,0.683,0.629,0.647,0.657,0.633,0.607,0.607,0.607
SIR003_sl1000_mr05_nv10_12,0.788,0.803,0.864,0.815,0.838,0.838,0.848,0.833,0.833,0.833
SIR003_sl1000_mr05_nv10_13,0.728,0.788,0.78,0.8,0.816,0.804,0.766,0.69,0.69,0.69
SIR003_sl1000_mr05_nv10_14,1,1,1,1,1,1,1,1,1,1
SIR003_sl1000_mr05_nv10_15,0.867,0.867,0.867,0.889,0.923,0.923,0.818,0.818,0.818,0.818
SIR003_sl1000_mr05_nv10_16,0.658,0.667,0.667,0.667,0.714,0.714,0.684,0.684,0.649,0.649
SIR003_sl1000_mr05_nv10_17,0.455,0.556,0.533,0.538,0.545,0.476,0.476,0.5,0.5,0.5
SIR003_sl1000_mr05_nv10_18,0.689,0.75,0.72,0.694,0.727,0.714,0.75,0.737,0.737,0.737
SIR003_sl1000_mr05_nv10_19,0.795,0.79,0.821,0.789,0.822,0.806,0.806,0.794,0.794,0.794
SIR003_sl1000_mr05_nv10_2,0.938,0.938,0.968,0.933,0.933,0.933,0.966,0.929,0.929,0.929
SIR003_sl1000_mr05_nv10_20,0.545,0.5,0.5,0.588,0.462,0.333,0.333,0.333,0.364,0.364
SIR003_sl1000_mr05_nv10_3,0.769,0.72,0.783,0.7,0.778,0.778,0.824,0.75,0.75,0.75
SIR003_sl1000_mr05_nv10_4,0.846,0.846,0.846,0.846,0.846,0.846,0.846,0.846,0.846,0.846
SIR003_sl1000_mr05_nv10_5,0.554,0.561,0.606,0.598,0.519,0.48,0.412,0.333,0.31,0.31
SIR003_sl1000_mr05_nv10_6,0.702,0.704,0.76,0.667,0.667,0.667,0.629,0.647,0.688,0.688
SIR003_sl1000_mr05_nv10_7,0.821,0.8,0.792,0.809,0.818,0.818,0.75,0.789,0.789,0.789
SIR003_sl1000_mr05_nv10_8,0.72,0.756,0.75,0.753,0.759,0.753,0.685,0.627,0.627,0.627
SIR003_sl1000_mr05_nv10_9,0.557,0.64,0.647,0.604,0.578,0.578,0.558,0.524,0.537,0.537
SIR003_sl1000_mr05_nv20_1,0.701,0.764,0.756,0.735,0.758,0.719,0.679,0.691,0.704,0.704
SIR003_sl1000_mr05_nv20_10,0.779,0.833,0.852,0.9,0.875,0.875,0.848,0.835,0.844,0.844
SIR003_sl1000_mr05_nv20_11,0.526,0.462,0.545,0.444,0.571,0.571,0.571,0.571,0.571,0.571
SIR003_sl1000_mr05_nv20_12,0.667,0.681,0.708,0.727,0.738,0.752,0.717,0.651,0.651,0.651
SIR003_sl1000_mr05_nv20_13,0.709,0.756,0.765,0.75,0.776,0.763,0.766,0.739,0.725,0.725
SIR003_sl1000_mr05_nv20_14,0.952,0.952,0.952,0.952,0.9,0.947,0.947,0.947,0.947,0.947
SIR003_sl1000_mr05_nv20_15,0.692,0.766,0.791,0.811,0.765,0.813,0.813,0.774,0.774,0.774
SIR003_sl1000_mr05_nv20_16,0.726,0.772,0.804,0.795,0.769,0.779,0.784,0.761,0.761,0.761
SIR003_sl1000_mr05_nv20_17,0.733,0.769,0.771,0.784,0.761,0.778,0.767,0.756,0.756,0.756
SIR003_sl1000_mr05_nv20_18,0.699,0.758,0.756,0.747,0.761,0.771,0.742,0.712,0.712,0.712
SIR003_sl1000_mr05_nv20_19,0.722,0.731,0.75,0.753,0.783,0.776,0.712,0.702,0.702,0.702
SIR003_sl1000_mr05_nv20_2,0.697,0.744,0.75,0.745,0.733,0.736,0.667,0.675,0.675,0.675
SIR003_sl1000_mr05_nv20_20,0.875,0.875,0.8,0.857,0.857,0.857,0.769,0.833,0.833,0.833
SIR003_sl1000_mr05_nv20_3,0.706,0.75,0.71,0.714,0.696,0.727,0.7,0.7,0.7,0.7
SIR003_sl1000_mr05_nv20_4,0.785,0.816,0.811,0.818,0.825,0.839,0.786,0.792,0.792,0.792
SIR003_sl1000_mr05_nv20_5,0.563,0.667,0.667,0.773,0.744,0.744,0.732,0.732,0.732,0.732
SIR003_sl1000_mr05_nv20_6,0.718,0.8,0.788,0.828,0.8,0.833,0.833,0.783,0.783,0.783
SIR003_sl1000_mr05_nv20_7,0.611,0.733,0.769,0.769,0.783,0.818,0.7,0.667,0.667,0.667
SIR003_sl1000_mr05_nv20_8,0.588,0.603,0.633,0.642,0.667,0.667,0.638,0.682,0.682,0.682
SIR003_sl1000_mr05_nv20_9,0.766,0.8,0.8,0.75,0.789,0.789,0.806,0.771,0.771,0.771
SIR003_sl1000_mr05_nv5_1,0.753,0.742,0.732,0.761,0.746,0.738,0.678,0.654,0.654,0.654
SIR003_sl1000_mr05_nv5_10,0.713,0.796,0.804,0.825,0.811,0.811,0.719,0.698,0.677,0.677
SIR003_sl1000_mr05_nv5_11,0.637,0.675,0.681,0.7,0.661,0.673,0.598,0.571,0.571,0.571
SIR003_sl1000_mr05_nv5_12,0.923,0.923,0.923,0.923,1,0.909,0.909,0.909,0.909,0.909
SIR003_sl1000_mr05_nv5_13,0.815,0.815,0.88,0.833,0.87,0.818,0.857,0.842,0.842,0.842
SIR003_sl1000_mr05_nv5_14,0.568,0.638,0.657,0.667,0.667,0.667,0.596,0.596,0.565,0.565
SIR003_sl1000_mr05_nv5_15,0.705,0.732,0.757,0.829,0.75,0.764,0.653,0.63,0.607,0.607
SIR003_sl1000_mr05_nv5_16,0.75,0.75,0.8,0.769,0.833,0.727,0.667,0.5,0.5,0.5
SIR003_sl1000_mr05_nv5_17,0.657,0.698,0.726,0.681,0.643,0.659,0.603,0.58,0.588,0.588
SIR003_sl1000_mr05_nv5_18,0.75,0.75,0.703,0.765,0.812,0.774,0.643,0.667,0.667,0.667
SIR003_sl1000_mr05_nv5_19,0.626,0.652,0.65,0.639,0.603,0.59,0.621,0.56,0.571,0.571
SIR003_sl1000_mr05_nv5_2,0.667,0.667,0.714,0.72,0.667,0.696,0.6,0.444,0.444,0.444
SIR003_sl1000_mr05_nv5_20,0.684,0.703,0.647,0.72,0.72,0.72,0.545,0.444,0.471,0.471
SIR003_sl1000_mr05_nv5_3,0.762,0.762,0.7,0.706,0.75,0.667,0.5,0.545,0.545,0.545
SIR003_sl1000_mr05_nv5_4,0.8,0.774,0.774,0.846,0.88,0.88,0.88,0.88,0.88,0.88
SIR003_sl1000_mr05_nv5_5,0.647,0.69,0.769,0.7,0.778,0.778,0.625,0.625,0.625,0.625
SIR003_sl1000_mr05_nv5_6,0.462,0.452,0.583,0.6,0.5,0.5,0.5,0.4,0.4,0.4
SIR003_sl1000_mr05_nv5_7,0.598,0.681,0.682,0.642,0.677,0.677,0.627,0.624,0.611,0.617
SIR003_sl1000_mr05_nv5_8,0.535,0.687,0.632,0.619,0.632,0.632,0.571,0.485,0.485,0.485
SIR003_sl1000_mr05_nv5_9,0.548,0.596,0.566,0.588,0.638,0.591,0.524,0.537,0.55,0.55
SIR003_sl1000_mr1_nv10_1,0.68,0.727,0.7,0.647,0.688,0.71,0.741,0.64,0.64,0.64
SIR003_sl1000_mr1_nv10_10,0.533,0.593,0.696,0.6,0.526,0.526,0.526,0.526,0.526,0.526
SIR003_sl1000_mr1_nv10_11,0.769,0.75,0.783,0.667,0.7,0.706,0.706,0.75,0.75,0.75
SIR003_sl1000_mr1_nv10_12,0.494,0.479,0.462,0.453,0.48,0.49,0.522,0.488,0.5,0.5
SIR003_sl1000_mr1_nv10_13,0.167,0.167,0.167,0.167,0.167,0.167,0.167,0.167,0.167,0.167
SIR003_sl1000_mr1_nv10_14,0.722,0.747,0.732,0.789,0.818,0.813,0.724,0.702,0.702,0.702
SIR003_sl1000_mr1_nv10_15,0.692,0.692,0.75,0.636,0.636,0.636,0.7,0.556,0.556,0.556
SIR003_sl1000_mr1_nv10_16,0.492,0.638,0.619,0.629,0.606,0.606,0.606,0.606,0.606,0.606
SIR003_sl1000_mr1_nv10_17,0.692,0.73,0.73,0.758,0.733,0.746,0.704,0.704,0.704,0.704
SIR003_sl1000_mr1_nv10_18,0.713,0.747,0.734,0.818,0.833,0.814,0.772,0.717,0.706,0.706
SIR003_sl1000_mr1_nv10_19,0.634,0.704,0.667,0.694,0.726,0.726,0.673,0.653,0.653,0.653
SIR003_sl1000_mr1_nv10_2,0.624,0.626,0.627,0.704,0.678,0.696,0.654,0.632,0.617,0.617
SIR003_sl1000_mr1_nv10_20,0.643,0.69,0.713,0.721,0.72,0.726,0.718,0.673,0.679,0.679
SIR003_sl1000_mr1_nv10_3,0.821,0.821,0.836,0.816,0.809,0.783,0.8,0.757,0.757,0.757
SIR003_sl1000_mr1_nv10_4,0.806,0.892,0.889,0.857,0.873,0.873,0.863,0.84,0.84,0.84
SIR003_sl1000_mr1_nv10_5,0.516,0.522,0.667,0.588,0.714,0.714,0.714,0.714,0.714,0.714
SIR003_sl1000_mr1_nv10_6,0.659,0.693,0.738,0.737,0.769,0.769,0.784,0.75,0.723,0.723
SIR003_sl1000_mr1_nv10_7,0.762,0.7,0.824,0.875,0.714,0.714,0.714,0.769,0.769,0.769
SIR003_sl1000_mr1_nv10_8,0.742,0.795,0.8,0.8,0.812,0.812,0.8,0.78,0.78,0.78
SIR003_sl1000_mr1_nv10_9,0.667,0.636,0.737,0.778,0.8,0.8,0.8,0.8,0.8,0.8
SIR003_sl250_mr05_nv10_1,0.558,0.561,0.582,0.6,0.615,0.613,0.59,0.621,0.621,0.621
SIR003_sl250_mr05_nv10_10,0.481,0.48,0.511,0.537,0.526,0.5,0.5,0.514,0.545,0.545
SIR003_sl250_mr05_nv10_11,0.367,0.412,0.452,0.519,0.455,0.421,0.421,0.333,0.333,0.333
SIR003_sl250_mr05_nv10_12,0.452,0.452,0.452,0.429,0.429,0.462,0.5,0.5,0.5,0.5
SIR003_sl250_mr05_nv10_13,0.522,0.625,0.667,0.571,0.545,0.545,0.545,0.545,0.545,0.545
SIR003_sl250_mr05_nv10_14,0.667,0.667,0.667,0.75,0.75,0.75,0.571,0.571,0.571,0.571
SIR003_sl250_mr05_nv10_15,0.727,0.762,0.842,0.706,0.8,0.8,0.8,0.8,0.714,0.769
SIR003_sl250_mr05_nv10_16,0.571,0.571,0.571,0.583,0.583,0.583,0.632,0.588,0.588,0.588
SIR003_sl250_mr05_nv10_17,0.632,0.692,0.673,0.667,0.689,0.69,0.643,0.667,0.65,0.65
SIR003_sl250_mr05_nv10_18,0.484,0.6,0.623,0.612,0.596,0.578,0.537,0.537,0.537,0.537
SIR003_sl250_mr05_nv10_19,0.353,0.394,0.355,0.327,0.348,0.356,0.326,0.293,0.293,0.308
SIR003_sl250_mr05_nv10_2,0.611,0.667,0.733,0.759,0.786,0.741,0.692,0.692,0.692,0.692
SIR003_sl250_mr05_nv10_20,0.569,0.61,0.653,0.659,0.625,0.608,0.528,0.507,0.507,0.485
SIR003_sl250_mr05_nv10_3,0.8,0.792,0.792,0.844,0.857,0.857,0.8,0.8,0.8,0.8
SIR003_sl250_mr05_nv10_4,0.815,0.815,0.769,0.769,0.8,0.75,0.75,0.783,0.783,0.783
SIR003_sl250_mr05_nv10_5,0.692,0.694,0.694,0.756,0.756,0.727,0.698,0.7,0.7,0.7
SIR003_sl250_mr05_nv10_6,0.674,0.721,0.734,0.8,0.762,0.774,0.704,0.679,0.679,0.679
SIR003_sl250_mr05_nv10_7,0.43,0.455,0.446,0.43,0.449,0.447,0.43,0.447,0.453,0.459
SIR003_sl250_mr05_nv10_8,0.455,0.455,0.429,0.474,0.486,0.457,0.467,0.429,0.429,0.429
SIR003_sl250_mr05_nv10_9,0.5,0.5,0.5,0.545,0.476,0.5,0.556,0.556,0.5,0.5
SIR003_sl500_mr05_nv10_1,0.667,0.667,0.667,0.75,0.857,0.769,0.727,0.727,0.727,0.727
SIR003_sl500_mr05_nv10_10,0.562,0.634,0.681,0.658,0.606,0.606,0.542,0.509,0.509,0.519
SIR003_sl500_mr05_nv10_11,0.714,0.714,0.769,0.833,0.833,0.833,0.727,0.6,0.6,0.6
SIR003_sl500_mr05_nv10_12,0.611,0.677,0.7,0.691,0.694,0.723,0.756,0.698,0.667,0.683
SIR003_sl500_mr05_nv10_13,0.623,0.672,0.691,0.701,0.725,0.682,0.65,0.639,0.62,0.62
SIR003_sl500_mr05_nv10_14,0.637,0.659,0.676,0.625,0.656,0.667,0.643,0.642,0.642,0.642
SIR003_sl500_mr05_nv10_15,0.884,0.884,0.905,0.974,0.947,0.973,0.914,0.848,0.848,0.848
SIR003_sl500_mr05_nv10_16,0.556,0.606,0.6,0.593,0.56,0.609,0.5,0.333,0.333,0.333
SIR003_sl500_mr05_nv10_17,0.75,0.75,0.75,0.727,0.762,0.7,0.667,0.588,0.625,0.625
SIR003_sl500_mr05_nv10_18,0.8,0.8,0.828,0.815,0.846,0.846,0.833,0.818,0.818,0.818
SIR003_sl500_mr05_nv10_19,0.606,0.657,0.641,0.65,0.643,0.636,0.61,0.614,0.614,0.614
SIR003_sl500_mr05_nv10_2,0.821,0.831,0.827,0.794,0.806,0.818,0.852,0.833,0.833,0.833
SIR003_sl500_mr05_nv10_20,0.609,0.636,0.632,0.533,0.571,0.571,0.462,0.5,0.545,0.545
SIR003_sl500_mr05_nv10_3,0.743,0.769,0.794,0.8,0.8,0.792,0.792,0.792,0.792,0.792
SIR003_sl500_mr05_nv10_4,0.658,0.698,0.702,0.708,0.696,0.696,0.651,0.667,0.667,0.667
SIR003_sl500_mr05_nv10_5,0.714,0.741,0.667,0.8,0.842,0.706,0.706,0.706,0.75,0.667
SIR003_sl500_mr05_nv10_6,0.69,0.784,0.792,0.81,0.75,0.789,0.706,0.625,0.625,0.625
SIR003_sl500_mr05_nv10_7,0.683,0.683,0.7,0.718,0.718,0.718,0.684,0.649,0.649,0.649
SIR003_sl500_mr05_nv10_8,0.649,0.667,0.667,0.688,0.667,0.69,0.692,0.583,0.583,0.583
SIR003_sl500_mr05_nv10_9,0.857,0.857,0.857,0.857,0.857,0.857,0.857,0.857,0.857,0.857
SIR01_sl1000_mr075_nv10_1,0.778,0.786,0.827,0.81,0.811,0.818,0.776,0.725,0.733,0.733
SIR01_sl1000_mr075_nv10_10,0.762,0.8,0.842,0.933,0.857,0.857,0.857,0.857,0.769,0.769
SIR01_sl1000_mr075_nv10_11,1,1,1,1,1,1,1,1,1,1
SIR01_sl1000_mr075_nv10_12,0.783,0.812,0.82,0.814,0.842,0.842,0.842,0.857,0.857,0.857
SIR01_sl1000_mr075_nv10_13,0.565,0.595,0.606,0.593,0.583,0.545,0.545,0.526,0.526,0.526
SIR01_sl1000_mr075_nv10_14,0.667,0.706,0.706,0.615,0.615,0.667,0.667,0.667,0.667,0.667
SIR01_sl1000_mr075_nv10_15,0.857,0.857,0.857,0.833,0.833,0.833,0.8,0.8,0.8,0.8
SIR01_sl1000_mr075_nv10_16,0.8,0.8,0.837,0.85,0.811,0.8,0.774,0.714,0.714,0.714
SIR01_sl1000_mr075_nv10_17,0.663,0.681,0.691,0.748,0.754,0.74,0.672,0.59,0.596,0.596
SIR01_sl1000_mr075_nv10_18,0.88,0.88,0.88,0.917,0.87,0.87,0.842,0.842,0.842,0.842
SIR01_sl1000_mr075_nv10_19,0.476,0.6,0.56,0.444,0.4,0.4,0.4,0.4,0.429,0.429
SIR01_sl1000_mr075_nv10_2,0.529,0.615,0.667,0.8,0.778,0.706,0.706,0.706,0.706,0.706
SIR01_sl1000_mr075_nv10_20,0.682,0.667,0.704,0.712,0.704,0.704,0.745,0.694,0.708,0.708
SIR01_sl1000_mr075_nv10_3,0.579,0.581,0.64,0.5,0.556,0.471,0.471,0.533,0.533,0.533
SIR01_sl1000_mr075_nv10_4,0.8,0.826,0.828,0.857,0.865,0.861,0.831,0.794,0.794,0.794
SIR01_sl1000_mr075_nv10_5,0.712,0.728,0.778,0.793,0.789,0.796,0.778,0.725,0.725,0.725
SIR01_sl1000_mr075_nv10_6,0.778,0.778,0.778,0.75,0.75,0.75,0.714,0.714,0.714,0.714
SIR01_sl1000_mr075_nv10_7,0.814,0.828,0.807,0.87,0.87,0.87,0.791,0.769,0.769,0.769
SIR01_sl1000_mr075_nv10_8,0.542,0.6,0.611,0.562,0.667,0.667,0.583,0.609,0.609,0.609
SIR01_sl1000_mr075_nv10_9,0.642,0.697,0.712,0.766,0.739,0.739,0.698,0.683,0.683,0.683
SIR01_sl1000_mr15_nv10_1,0.56,0.613,0.652,0.684,0.648,0.636,0.589,0.549,0.549,0.562
SIR01_sl1000_mr15_nv10_10,0.645,0.69,0.685,0.708,0.689,0.737,0.717,0.72,0.694,0.694
SIR01_sl1000_mr15_nv10_11,0.474,0.615,0.64,0.636,0.667,0.7,0.7,0.737,0.737,0.737
SIR01_sl1000_mr15_nv10_12,0.482,0.576,0.571,0.578,0.564,0.579,0.5,0.514,0.529,0.529
SIR01_sl1000_mr15_nv10_13,0.582,0.667,0.667,0.714,0.741,0.741,0.741,0.741,0.741,0.741
SIR01_sl1000_mr15_nv10_14,1,1,1,1,1,1,1,1,1,1
SIR01_sl1000_mr15_nv10_15,0.528,0.582,0.614,0.613,0.606,0.548,0.415,0.348,0.348,0.348
SIR01_sl1000_mr15_nv10_16,0.667,0.667,0.667,0.625,0.667,0.714,0.769,0.769,0.769,0.769
SIR01_sl1000_mr15_nv10_17,0.679,0.72,0.711,0.789,0.857,0.824,0.71,0.71,0.71,0.71
SIR01_sl1000_mr15_nv10_18,0.663,0.675,0.7,0.701,0.736,0.744,0.719,0.721,0.721,0.721
SIR01_sl1000_mr15_nv10_19,0.889,0.889,0.889,0.889,0.889,0.889,0.889,0.889,0.889,0.889
SIR01_sl1000_mr15_nv10_2,0.578,0.647,0.741,0.783,0.7,0.7,0.7,0.632,0.632,0.632
SIR01_sl1000_mr15_nv10_20,0.737,0.737,0.737,0.737,0.737,0.778,0.778,0.778,0.778,0.778
SIR01_sl1000_mr15_nv10_3,0.711,0.759,0.785,0.803,0.818,0.807,0.788,0.792,0.78,0.78
SIR01_sl1000_mr15_nv10_4,0.56,0.667,0.588,0.625,0.615,0.615,0.615,0.615,0.615,0.615
SIR01_sl1000_mr15_nv10_5,0.769,0.8,0.818,0.762,0.889,0.889,0.824,0.75,0.75,0.75
SIR01_sl1000_mr15_nv10_6,0.778,0.778,0.778,0.875,1,0.833,0.727,0.6,0.6,0.6
SIR01_sl1000_mr15_nv10_7,0.638,0.683,0.732,0.771,0.756,0.727,0.716,0.675,0.675,0.675
SIR01_sl1000_mr15_nv10_8,0.581,0.75,0.727,0.778,0.75,0.75,0.75,0.75,0.75,0.75
SIR01_sl1000_mr15_nv10_9,0.69,0.714,0.68,0.762,0.75,0.75,0.647,0.552,0.552,0.552
SIR01_sl1000_mr15_nv20_1,0.571,0.692,0.732,0.733,0.741,0.741,0.741,0.667,0.667,0.667
SIR01_sl1000_mr15_nv20_10,0.722,0.75,0.733,0.786,0.818,0.818,0.818,0.762,0.762,0.762
SIR01_sl1000_mr15_nv20_11,0.868,0.868,0.864,0.885,0.867,0.872,0.849,0.865,0.854,0.854
SIR01_sl1000_mr15_nv20_12,0.6,0.683,0.718,0.692,0.667,0.667,0.636,0.636,0.636,0.636
SIR01_sl1000_mr15_nv20_13,0.833,0.833,0.833,0.833,0.833,0.833,0.833,0.833,0.833,0.833
SIR01_sl1000_mr15_nv20_14,0.4,0.4,0.4,0.4,0.4,0.4,0.4,0.4,0.4,0.4
SIR01_sl1000_mr15_nv20_15,0.41,0.471,0.424,0.4,0.417,0.348,0.348,0.364,0.364,0.364
SIR01_sl1000_mr15_nv20_16,0.875,0.894,0.87,0.857,0.9,0.9,0.872,0.895,0.895,0.895
SIR01_sl1000_mr15_nv20_17,0.765,0.765,0.688,0.714,0.714,0.714,0.667,0.727,0.727,0.727
SIR01_sl1000_mr15_nv20_18,0.882,0.896,0.923,0.935,0.931,0.931,0.947,0.909,0.909,0.909
SIR01_sl1000_mr15_nv20_19,0.81,0.814,0.833,0.857,0.875,0.875,0.848,0.848,0.848,0.848
SIR01_sl1000_mr15_nv20_2,0.485,0.667,0.7,0.556,0.625,0.625,0.625,0.625,0.533,0.533
SIR01_sl1000_mr15_nv20_20,0.875,0.875,0.839,0.828,0.857,0.815,0.8,0.833,0.833,0.833
SIR01_sl1000_mr15_nv20_3,0.556,0.667,0.8,0.75,0.571,0.571,0.571,0.571,0.571,0.571
SIR01_sl1000_mr15_nv20_4,0.642,0.695,0.723,0.782,0.8,0.813,0.726,0.692,0.679,0.679
SIR01_sl1000_mr15_nv20_5,0.692,0.667,0.727,0.8,0.667,0.667,0.667,0.706,0.706,0.706
SIR01_sl1000_mr15_nv20_6,0.737,0.778,0.778,0.778,0.824,0.8,0.8,0.8,0.8,0.8
SIR01_sl1000_mr15_nv20_7,0.771,0.794,0.794,0.828,0.889,0.868,0.776,0.756,0.756,0.756
SIR01_sl1000_mr15_nv20_8,0.764,0.829,0.835,0.857,0.851,0.837,0.833,0.819,0.805,0.805
SIR01_sl1000_mr15_nv20_9,0.694,0.762,0.75,0.769,0.809,0.826,0.8,0.762,0.762,0.762
SIR01_sl1000_mr15_nv5_1,0.634,0.704,0.688,0.692,0.694,0.694,0.638,0.651,0.634,0.634
SIR01_sl1000_mr15_nv5_10,0.759,0.846,0.88,0.857,0.842,0.842,0.842,0.842,0.842,0.842
SIR01_sl1000_mr15_nv5_11,0.615,0.696,0.667,0.667,0.625,0.625,0.533,0.462,0.462,0.462
SIR01_sl1000_mr15_nv5_12,0.6,0.603,0.63,0.622,0.537,0.526,0.5,0.438,0.438,0.438
SIR01_sl1000_mr15_nv5_13,0.8,0.8,0.8,0.788,0.788,0.812,0.8,0.8,0.8,0.8
SIR01_sl1000_mr15_nv5_14,0.6,0.69,0.72,0.744,0.7,0.667,0.629,0.647,0.625,0.581
SIR01_sl1000_mr15_nv5_15,0.719,0.703,0.717,0.674,0.698,0.682,0.701,0.676,0.676,0.676
SIR01_sl1000_mr15_nv5_16,0.452,0.462,0.5,0.476,0.5,0.533,0.462,0.462,0.333,0.333
SIR01_sl1000_mr15_nv5_17,0.875,0.875,0.875,0.875,0.875,0.875,0.875,0.875,0.875,0.875
SIR01_sl1000_mr15_nv5_18,0.75,0.818,0.8,0.824,0.875,0.875,0.875,0.8,0.8,0.8
SIR01_sl1000_mr15_nv5_19,0.603,0.621,0.642,0.667,0.649,0.611,0.545,0.5,0.5,0.5
SIR01_sl1000_mr15_nv5_2,0.585,0.604,0.552,0.638,0.667,0.644,0.549,0.531,0.5,0.5
SIR01_sl1000_mr15_nv5_20,0.64,0.714,0.718,0.71,0.759,0.759,0.759,0.714,0.667,0.667
SIR01_sl1000_mr15_nv5_3,0.424,0.538,0.571,0.353,0.286,0.286,0.308,0.333,0.364,0.364
SIR01_sl1000_mr15_nv5_4,0.512,0.559,0.633,0.696,0.595,0.556,0.485,0.438,0.438,0.438
SIR01_sl1000_mr15_nv5_5,0.625,0.6,0.667,0.727,0.6,0.6,0.471,0.533,0.533,0.533
SIR01_sl1000_mr15_nv5_6,0.528,0.576,0.531,0.585,0.611,0.629,0.647,0.647,0.647,0.647
SIR01_sl1000_mr15_nv5_7,0.483,0.476,0.556,0.714,0.667,0.667,0.667,0.667,0.545,0.545
SIR01_sl1000_mr15_nv5_8,0.231,0.316,0.333,0.429,0.462,0.462,0.462,0.5,0.5,0.5
SIR01_sl1000_mr15_nv5_9,0.535,0.614,0.636,0.651,0.667,0.649,0.592,0.559,0.559,0.559
SIR01_sl1000_mr3_nv10_1,0.706,0.757,0.746,0.759,0.8,0.8,0.706,0.681,0.681,0.681
SIR01_sl1000_mr3_nv10_10,0.692,0.75,0.842,0.824,0.8,0.8,0.8,0.8,0.8,0.8
SIR01_sl1000_mr3_nv10_11,0.616,0.662,0.683,0.716,0.78,0.75,0.659,0.61,0.61,0.61
SIR01_sl1000_mr3_nv10_12,0.622,0.684,0.761,0.794,0.794,0.774,0.746,0.724,0.724,0.724
SIR01_sl1000_mr3_nv10_13,0.584,0.637,0.642,0.743,0.721,0.733,0.759,0.714,0.714,0.714
SIR01_sl1000_mr3_nv10_14,0.704,0.735,0.762,0.793,0.83,0.808,0.8,0.723,0.723,0.723
SIR01_sl1000_mr3_nv10_15,0.571,0.696,0.636,0.588,0.571,0.462,0.462,0.462,0.462,0.462
SIR01_sl1000_mr3_nv10_16,0.729,0.718,0.761,0.794,0.847,0.847,0.8,0.755,0.755,0.755
SIR01_sl1000_mr3_nv10_17,0.72,0.75,0.818,0.889,0.889,0.889,0.889,0.824,0.824,0.824
SIR01_sl1000_mr3_nv10_18,0.697,0.746,0.792,0.8,0.81,0.8,0.8,0.8,0.8,0.8
SIR01_sl1000_mr3_nv10_19,0.495,0.629,0.689,0.627,0.636,0.605,0.605,0.571,0.5,0.5
SIR01_sl1000_mr3_nv10_2,0.818,0.818,0.857,0.842,0.778,0.824,0.8,0.714,0.714,0.714
SIR01_sl1000_mr3_nv10_20,0.774,0.774,0.8,0.72,0.667,0.696,0.632,0.588,0.588,0.588
SIR01_sl1000_mr3_nv10_3,0.702,0.731,0.809,0.769,0.778,0.765,0.765,0.788,0.788,0.788
SIR01_sl1000_mr3_nv10_4,0.774,0.8,0.857,0.917,0.818,0.818,0.8,0.737,0.737,0.737
SIR01_sl1000_mr3_nv10_5,0.72,0.722,0.769,0.704,0.745,0.745,0.723,0.682,0.682,0.682
SIR01_sl1000_mr3_nv10_6,0.625,0.716,0.732,0.705,0.701,0.674,0.667,0.643,0.651,0.651
SIR01_sl1000_mr3_nv10_7,0.647,0.656,0.704,0.696,0.667,0.632,0.611,0.606,0.606,0.606
SIR01_sl1000_mr3_nv10_8,0.6,0.667,0.727,0.842,0.75,0.75,0.75,0.75,0.75,0.75
SIR01_sl1000_mr3_nv10_9,0.571,0.639,0.689,0.64,0.711,0.711,0.711,0.711,0.682,0.682
SIR01_sl250_mr15_nv10_1,0.634,0.634,0.65,0.667,0.632,0.649,0.667,0.686,0.686,0.686
SIR01_sl250_mr15_nv10_10,0.586,0.643,0.661,0.661,0.686,0.693,0.687,0.667,0.667,0.667
SIR01_sl250_mr15_nv10_11,0.462,0.5,0.519,0.522,0.533,0.545,0.545,0.545,0.545,0.545
SIR01_sl250_mr15_nv10_12,0.552,0.566,0.591,0.585,0.579,0.595,0.556,0.485,0.485,0.485
SIR01_sl250_mr15_nv10_13,0.449,0.381,0.412,0.4,0.455,0.455,0.476,0.421,0.421,0.444
SIR01_sl250_mr15_nv10_14,0.537,0.564,0.595,0.545,0.516,0.552,0.552,0.571,0.571,0.571
SIR01_sl250_mr15_nv10_15,0.345,0.348,0.316,0.235,0.267,0.308,0.308,0.333,0.182,0.182
SIR01_sl250_mr15_nv10_16,0.621,0.632,0.655,0.627,0.667,0.622,0.651,0.634,0.634,0.634
SIR01_sl250_mr15_nv10_17,0.933,0.933,0.933,0.933,1,1,1,1,1,1
SIR01_sl250_mr15_nv10_18,0.59,0.596,0.607,0.511,0.512,0.55,0.526,0.486,0.514,0.529
SIR01_sl250_mr15_nv10_19,0.8,0.8,0.8,0.8,0.8,0.8,0.8,0.8,0.8,0.8
SIR01_sl250_mr15_nv10_2,0.5,0.5,0.5,0.571,0.571,0.571,0.556,0.625,0.625,0.625
SIR01_sl250_mr15_nv10_20,0.5,0.526,0.471,0.5,0.429,0.429,0.462,0.5,0.5,0.5
SIR01_sl250_mr15_nv10_3,0.511,0.512,0.564,0.667,0.615,0.64,0.64,0.583,0.609,0.545
SIR01_sl250_mr15_nv10_4,0.552,0.5,0.519,0.56,0.522,0.522,0.522,0.522,0.522,0.522
SIR01_sl250_mr15_nv10_5,0.727,0.727,0.762,0.762,0.8,0.778,0.778,0.706,0.706,0.706
SIR01_sl250_mr15_nv10_6,0.472,0.492,0.5,0.467,0.482,0.469,0.435,0.4,0.4,0.381
SIR01_sl250_mr15_nv10_7,0.5,0.554,0.604,0.565,0.622,0.63,0.648,0.627,0.606,0.606
SIR01_sl250_mr15_nv10_8,0.667,0.692,0.583,0.625,0.625,0.625,0.429,0.462,0.333,0.333
SIR01_sl250_mr15_nv10_9,0.5,0.444,0.462,0.444,0.444,0.444,0.471,0.375,0.375,0.375
SIR01_sl500_mr15_nv10_1,0.556,0.615,0.667,0.889,0.571,0.571,0.571,0.571,0.571,0.571
SIR01_sl500_mr15_nv10_10,0.529,0.562,0.467,0.56,0.583,0.583,0.455,0.381,0.381,0.381
SIR01_sl500_mr15_nv10_11,0.615,0.698,0.75,0.727,0.71,0.69,0.69,0.56,0.56,0.56
SIR01_sl500_mr15_nv10_12,0.6,0.632,0.571,0.615,0.545,0.545,0.545,0.545,0.545,0.545
SIR01_sl500_mr15_nv10_13,0.571,0.526,0.588,0.667,0.571,0.571,0.333,0.222,0.222,0.222
SIR01_sl500_mr15_nv10_14,0.584,0.619,0.628,0.63,0.647,0.627,0.606,0.613,0.613,0.613
SIR01_sl500_mr15_nv10_15,0.6,0.623,0.658,0.635,0.656,0.644,0.627,0.64,0.612,0.625
SIR01_sl500_mr15_nv10_16,0.818,0.818,0.818,0.8,0.8,0.8,0.778,0.778,0.778,0.778
SIR01_sl500_mr15_nv10_17,0.786,0.786,0.786,0.741,0.692,0.692,0.72,0.72,0.72,0.72
SIR01_sl500_mr15_nv10_18,0.583,0.606,0.596,0.588,0.622,0.619,0.55,0.579,0.579,0.579
SIR01_sl500_mr15_nv10_19,0.627,0.667,0.721,0.717,0.681,0.696,0.696,0.682,0.698,0.698
SIR01_sl500_mr15_nv10_2,0.655,0.679,0.692,0.711,0.65,0.667,0.629,0.647,0.647,0.647
SIR01_sl500_mr15_nv10_20,0.719,0.78,0.821,0.875,0.851,0.851,0.714,0.714,0.714,0.714
SIR01_sl500_mr15_nv10_3,0.64,0.681,0.651,0.615,0.686,0.686,0.686,0.706,0.727,0.727
SIR01_sl500_mr15_nv10_4,0.671,0.746,0.8,0.779,0.759,0.762,0.734,0.676,0.658,0.658
SIR01_sl500_mr15_nv10_5,0.676,0.713,0.75,0.774,0.72,0.729,0.674,0.651,0.675,0.683
SIR01_sl500_mr15_nv10_6,0.879,0.879,0.906,0.951,0.983,0.947,0.926,0.885,0.885,0.885
SIR01_sl500_mr15_nv10_7,0.7,0.7,0.737,0.824,0.933,0.857,0.667,0.667,0.545,0.545
SIR01_sl500_mr15_nv10_8,0.571,0.609,0.588,0.533,0.5,0.5,0.5,0.5,0.5,0.5
SIR01_sl500_mr15_nv10_9,0.68,0.735,0.79,0.814,0.811,0.811,0.78,0.742,0.742,0.742
,0.657273214285715,0.684175,0.703285714285715,0.725589285714287,0.727033928571429,0.721187500000001,0.680723214285715,0.648980357142858,0.644051785714286,0.643900000000001
