dataset,sharp_prec,sharp_rec,sharp_f1,tnet_prec,tnet_rec,tnet_f1
SEIR015_sl1000_mr0125_nv10_1,0.885,0.74,0.806,0.973,1,0.986
SEIR015_sl1000_mr0125_nv10_10,0.867,0.684,0.765,0.947,0.947,0.947
SEIR015_sl1000_mr0125_nv10_11,0.818,0.692,0.75,0.692,0.692,0.692
SEIR015_sl1000_mr0125_nv10_12,0.833,0.714,0.769,0.857,0.857,0.857
SEIR015_sl1000_mr0125_nv10_13,0.976,0.8,0.879,0.98,0.98,0.98
SEIR015_sl1000_mr0125_nv10_14,0.83,0.846,0.838,0.873,0.923,0.897
SEIR015_sl1000_mr0125_nv10_15,0.889,0.533,0.667,0.933,0.933,0.933
SEIR015_sl1000_mr0125_nv10_16,0.704,0.794,0.746,0.765,0.825,0.794
SEIR015_sl1000_mr0125_nv10_17,0.704,0.731,0.717,0.742,0.885,0.807
SEIR015_sl1000_mr0125_nv10_18,0.667,0.8,0.727,0.8,0.8,0.8
SEIR015_sl1000_mr0125_nv10_19,0.8,0.516,0.627,0.742,0.742,0.742
SEIR015_sl1000_mr0125_nv10_2,0.909,0.625,0.741,0.938,0.938,0.938
SEIR015_sl1000_mr0125_nv10_20,0.921,0.854,0.886,0.841,0.902,0.871
SEIR015_sl1000_mr0125_nv10_3,0.778,0.778,0.778,0.636,0.778,0.7
SEIR015_sl1000_mr0125_nv10_4,0.8,0.8,0.8,0.8,0.8,0.8
SEIR015_sl1000_mr0125_nv10_5,0.72,0.353,0.474,0.902,0.902,0.902
SEIR015_sl1000_mr0125_nv10_6,0.815,0.629,0.71,0.895,0.971,0.932
SEIR015_sl1000_mr0125_nv10_7,0.833,0.735,0.781,0.84,0.926,0.881
SEIR015_sl1000_mr0125_nv10_8,0.75,0.667,0.706,0.857,0.667,0.75
SEIR015_sl1000_mr0125_nv10_9,0.5,0.429,0.462,0.458,0.524,0.489
SEIR015_sl1000_mr025_nv10_1,0.818,0.9,0.857,0.9,0.9,0.9
SEIR015_sl1000_mr025_nv10_10,0.8,0.364,0.5,0.909,0.909,0.909
SEIR015_sl1000_mr025_nv10_11,0.878,0.768,0.819,0.915,0.964,0.939
SEIR015_sl1000_mr025_nv10_12,0.9,0.9,0.9,0.75,0.9,0.818
SEIR015_sl1000_mr025_nv10_13,0.286,0.4,0.333,0.308,0.4,0.348
SEIR015_sl1000_mr025_nv10_14,0.731,0.76,0.745,0.724,0.84,0.778
SEIR015_sl1000_mr025_nv10_15,0.574,0.466,0.514,0.594,0.707,0.646
SEIR015_sl1000_mr025_nv10_16,0.733,0.786,0.759,0.812,0.929,0.867
SEIR015_sl1000_mr025_nv10_17,0.812,0.684,0.743,0.846,0.868,0.857
SEIR015_sl1000_mr025_nv10_18,0.722,0.703,0.712,0.725,0.784,0.753
SEIR015_sl1000_mr025_nv10_19,0.882,0.789,0.833,0.895,0.895,0.895
SEIR015_sl1000_mr025_nv10_2,0.857,0.643,0.735,0.864,0.911,0.887
SEIR015_sl1000_mr025_nv10_20,0.714,0.625,0.667,0.6,0.75,0.667
SEIR015_sl1000_mr025_nv10_3,0.872,0.891,0.882,0.88,0.957,0.917
SEIR015_sl1000_mr025_nv10_4,0.897,0.795,0.843,0.867,0.886,0.876
SEIR015_sl1000_mr025_nv10_5,0.867,0.812,0.839,0.875,0.875,0.875
SEIR015_sl1000_mr025_nv10_6,0.923,0.783,0.847,0.913,0.913,0.913
SEIR015_sl1000_mr025_nv10_7,0.889,0.889,0.889,0.889,0.889,0.889
SEIR015_sl1000_mr025_nv10_8,0.941,0.8,0.865,1,1,1
SEIR015_sl1000_mr025_nv10_9,0.925,0.875,0.899,0.932,0.982,0.957
SEIR015_sl1000_mr025_nv20_1,0.562,0.6,0.581,0.6,0.6,0.6
SEIR015_sl1000_mr025_nv20_10,0.583,0.778,0.667,0.333,0.444,0.381
SEIR015_sl1000_mr025_nv20_11,0.833,0.769,0.8,0.857,0.923,0.889
SEIR015_sl1000_mr025_nv20_12,0.565,0.65,0.605,0.542,0.65,0.591
SEIR015_sl1000_mr025_nv20_13,0.667,0.889,0.762,0.692,1,0.818
SEIR015_sl1000_mr025_nv20_14,0.889,0.727,0.8,0.909,0.909,0.909
SEIR015_sl1000_mr025_nv20_15,0.6,0.75,0.667,0.647,0.917,0.759
SEIR015_sl1000_mr025_nv20_16,0.862,0.833,0.847,0.871,0.9,0.885
SEIR015_sl1000_mr025_nv20_17,0.887,0.839,0.862,0.897,0.929,0.912
SEIR015_sl1000_mr025_nv20_18,0.651,0.718,0.683,0.636,0.718,0.675
SEIR015_sl1000_mr025_nv20_19,0.429,0.545,0.48,0.429,0.545,0.48
SEIR015_sl1000_mr025_nv20_2,0.957,0.88,0.917,0.815,0.88,0.846
SEIR015_sl1000_mr025_nv20_20,0.667,0.526,0.588,0.684,0.684,0.684
SEIR015_sl1000_mr025_nv20_3,0.698,0.667,0.682,0.688,0.803,0.741
SEIR015_sl1000_mr025_nv20_4,0.833,0.606,0.702,0.882,0.909,0.896
SEIR015_sl1000_mr025_nv20_5,0.943,0.846,0.892,0.949,0.949,0.949
SEIR015_sl1000_mr025_nv20_6,0.775,0.816,0.795,0.773,0.895,0.829
SEIR015_sl1000_mr025_nv20_7,0.969,0.861,0.912,0.944,0.944,0.944
SEIR015_sl1000_mr025_nv20_8,0.687,0.687,0.687,0.63,0.761,0.689
SEIR015_sl1000_mr025_nv20_9,0.769,0.556,0.645,0.737,0.778,0.757
SEIR015_sl1000_mr025_nv5_1,0.9,0.643,0.75,1,0.643,0.783
SEIR015_sl1000_mr025_nv5_10,0.724,0.583,0.646,0.625,0.694,0.658
SEIR015_sl1000_mr025_nv5_11,0.75,0.574,0.651,0.83,0.83,0.83
SEIR015_sl1000_mr025_nv5_12,0.429,0.273,0.333,0.636,0.636,0.636
SEIR015_sl1000_mr025_nv5_13,0.917,0.71,0.8,1,0.839,0.912
SEIR015_sl1000_mr025_nv5_14,0.562,0.6,0.581,0.667,0.8,0.727
SEIR015_sl1000_mr025_nv5_15,0.789,0.692,0.738,0.812,0.862,0.836
SEIR015_sl1000_mr025_nv5_16,1,0.731,0.844,1,1,1
SEIR015_sl1000_mr025_nv5_17,0.85,0.829,0.84,0.86,0.902,0.881
SEIR015_sl1000_mr025_nv5_18,0.8,0.582,0.674,0.702,0.727,0.714
SEIR015_sl1000_mr025_nv5_19,0.294,0.455,0.357,0.333,0.455,0.385
SEIR015_sl1000_mr025_nv5_2,1,0.667,0.8,0.8,0.889,0.842
SEIR015_sl1000_mr025_nv5_20,0.759,0.537,0.629,0.721,0.756,0.738
SEIR015_sl1000_mr025_nv5_3,0.737,0.519,0.609,0.714,0.556,0.625
SEIR015_sl1000_mr025_nv5_4,0.872,0.68,0.764,0.86,0.86,0.86
SEIR015_sl1000_mr025_nv5_5,0.615,0.381,0.471,0.652,0.714,0.682
SEIR015_sl1000_mr025_nv5_6,0.525,0.339,0.412,0.51,0.403,0.45
SEIR015_sl1000_mr025_nv5_7,0.81,0.654,0.723,0.846,0.846,0.846
SEIR015_sl1000_mr025_nv5_8,0.789,0.652,0.714,0.826,0.826,0.826
SEIR015_sl1000_mr025_nv5_9,0.575,0.575,0.575,0.568,0.625,0.595
SEIR015_sl1000_mr05_nv10_1,0.667,0.471,0.552,0.647,0.647,0.647
SEIR015_sl1000_mr05_nv10_10,0.8,0.889,0.842,0.8,0.889,0.842
SEIR015_sl1000_mr05_nv10_11,0.375,0.375,0.375,0.333,0.375,0.353
SEIR015_sl1000_mr05_nv10_12,0.727,1,0.842,0.727,1,0.842
SEIR015_sl1000_mr05_nv10_13,0.945,0.852,0.897,0.951,0.951,0.951
SEIR015_sl1000_mr05_nv10_14,0.758,0.543,0.633,0.824,0.913,0.866
SEIR015_sl1000_mr05_nv10_15,0.636,0.636,0.636,0.75,0.818,0.783
SEIR015_sl1000_mr05_nv10_16,0.805,0.805,0.805,0.83,0.951,0.886
SEIR015_sl1000_mr05_nv10_17,0.746,0.725,0.735,0.808,0.913,0.857
SEIR015_sl1000_mr05_nv10_18,0.705,0.756,0.729,0.756,0.829,0.791
SEIR015_sl1000_mr05_nv10_19,0.688,0.688,0.688,0.75,0.844,0.794
SEIR015_sl1000_mr05_nv10_2,0.931,0.643,0.761,0.952,0.952,0.952
SEIR015_sl1000_mr05_nv10_20,0.44,0.268,0.333,0.535,0.561,0.548
SEIR015_sl1000_mr05_nv10_3,0.852,0.821,0.836,0.814,0.857,0.835
SEIR015_sl1000_mr05_nv10_4,0.545,0.562,0.554,0.595,0.688,0.638
SEIR015_sl1000_mr05_nv10_5,0.7,0.636,0.667,0.818,0.818,0.818
SEIR015_sl1000_mr05_nv10_6,0.875,0.7,0.778,0.906,0.967,0.935
SEIR015_sl1000_mr05_nv10_7,0.529,0.692,0.6,0.526,0.769,0.625
SEIR015_sl1000_mr05_nv10_8,0.794,0.75,0.771,0.821,0.889,0.853
SEIR015_sl1000_mr05_nv10_9,0.688,0.733,0.71,0.688,0.733,0.71
SEIR015_sl250_mr025_nv10_1,0.652,0.882,0.75,0.6,0.882,0.714
SEIR015_sl250_mr025_nv10_10,0.549,0.661,0.6,0.531,0.729,0.614
SEIR015_sl250_mr025_nv10_11,0.618,0.618,0.618,0.571,0.706,0.632
SEIR015_sl250_mr025_nv10_12,0.55,0.767,0.641,0.531,0.791,0.636
SEIR015_sl250_mr025_nv10_13,0.8,0.75,0.774,0.706,0.75,0.727
SEIR015_sl250_mr025_nv10_14,0.368,0.56,0.444,0.39,0.64,0.485
SEIR015_sl250_mr025_nv10_15,0.591,0.531,0.559,0.492,0.592,0.537
SEIR015_sl250_mr025_nv10_16,0.136,0.222,0.169,0.17,0.333,0.225
SEIR015_sl250_mr025_nv10_17,0.5,0.333,0.4,0.615,0.667,0.64
SEIR015_sl250_mr025_nv10_18,0.263,0.455,0.333,0.333,0.545,0.414
SEIR015_sl250_mr025_nv10_19,0.606,0.541,0.571,0.651,0.757,0.7
SEIR015_sl250_mr025_nv10_2,0.304,0.318,0.311,0.25,0.318,0.28
SEIR015_sl250_mr025_nv10_20,0.523,0.697,0.597,0.548,0.697,0.613
SEIR015_sl250_mr025_nv10_3,0.524,0.733,0.611,0.611,0.733,0.667
SEIR015_sl250_mr025_nv10_4,0.643,0.72,0.679,0.643,0.72,0.679
SEIR015_sl250_mr025_nv10_5,0.75,0.75,0.75,0.75,0.75,0.75
SEIR015_sl250_mr025_nv10_6,0.537,0.629,0.579,0.524,0.629,0.571
SEIR015_sl250_mr025_nv10_7,0.3,0.375,0.333,0.333,0.375,0.353
SEIR015_sl250_mr025_nv10_8,0.783,0.667,0.72,0.733,0.815,0.772
SEIR015_sl250_mr025_nv10_9,0.647,0.733,0.688,0.737,0.933,0.824
SEIR015_sl500_mr025_nv10_1,0.667,0.6,0.632,0.727,0.8,0.762
SEIR015_sl500_mr025_nv10_10,0.878,0.837,0.857,0.889,0.93,0.909
SEIR015_sl500_mr025_nv10_11,0.167,0.125,0.143,0.182,0.25,0.211
SEIR015_sl500_mr025_nv10_12,0.721,0.585,0.646,0.695,0.774,0.732
SEIR015_sl500_mr025_nv10_13,0.552,0.571,0.561,0.514,0.643,0.571
SEIR015_sl500_mr025_nv10_14,1,0.889,0.941,0.8,0.889,0.842
SEIR015_sl500_mr025_nv10_15,0.809,0.655,0.724,0.867,0.897,0.881
SEIR015_sl500_mr025_nv10_16,0.6,0.75,0.667,0.714,0.833,0.769
SEIR015_sl500_mr025_nv10_17,0.765,0.929,0.839,0.684,0.929,0.788
SEIR015_sl500_mr025_nv10_18,0.765,0.5,0.605,0.852,0.885,0.868
SEIR015_sl500_mr025_nv10_19,0.889,0.8,0.842,1,1,1
SEIR015_sl500_mr025_nv10_2,0.625,0.625,0.625,0.625,0.625,0.625
SEIR015_sl500_mr025_nv10_20,0.73,0.719,0.724,0.779,0.828,0.803
SEIR015_sl500_mr025_nv10_3,0.733,0.595,0.657,0.805,0.892,0.846
SEIR015_sl500_mr025_nv10_4,0.659,0.707,0.682,0.66,0.756,0.705
SEIR015_sl500_mr025_nv10_5,0.812,0.929,0.867,0.867,0.929,0.897
SEIR015_sl500_mr025_nv10_6,0.75,0.789,0.769,0.75,0.789,0.769
SEIR015_sl500_mr025_nv10_7,0.653,0.516,0.577,0.535,0.613,0.571
SEIR015_sl500_mr025_nv10_8,0.716,0.716,0.716,0.7,0.836,0.762
SEIR015_sl500_mr025_nv10_9,0.6,0.818,0.692,0.615,0.727,0.667
SEIR01_sl1000_mr0125_nv10_1,0.765,0.722,0.743,0.684,0.722,0.703
SEIR01_sl1000_mr0125_nv10_10,0.918,0.833,0.874,0.926,0.926,0.926
SEIR01_sl1000_mr0125_nv10_11,0.923,0.923,0.923,0.923,0.923,0.923
SEIR01_sl1000_mr0125_nv10_12,0.25,0.2,0.222,0.2,0.2,0.2
SEIR01_sl1000_mr0125_nv10_13,0.818,0.9,0.857,0.818,0.9,0.857
SEIR01_sl1000_mr0125_nv10_14,0.935,0.967,0.951,0.935,0.967,0.951
SEIR01_sl1000_mr0125_nv10_15,0.864,0.792,0.826,0.875,0.875,0.875
SEIR01_sl1000_mr0125_nv10_16,0.857,0.857,0.857,0.857,0.857,0.857
SEIR01_sl1000_mr0125_nv10_17,0.833,0.833,0.833,0.833,0.833,0.833
SEIR01_sl1000_mr0125_nv10_18,0.881,0.822,0.851,0.87,0.889,0.879
SEIR01_sl1000_mr0125_nv10_19,0.926,0.833,0.877,0.903,0.933,0.918
SEIR01_sl1000_mr0125_nv10_2,0.923,0.923,0.923,0.923,0.923,0.923
SEIR01_sl1000_mr0125_nv10_20,0.857,0.96,0.906,0.852,0.92,0.885
SEIR01_sl1000_mr0125_nv10_3,0.889,0.842,0.865,0.895,0.895,0.895
SEIR01_sl1000_mr0125_nv10_4,0.895,0.708,0.791,0.833,0.833,0.833
SEIR01_sl1000_mr0125_nv10_5,0.875,0.894,0.884,0.875,0.894,0.884
SEIR01_sl1000_mr0125_nv10_6,0.929,0.812,0.867,0.917,0.917,0.917
SEIR01_sl1000_mr0125_nv10_7,0.973,0.923,0.947,0.949,0.949,0.949
SEIR01_sl1000_mr0125_nv10_8,0.667,0.667,0.667,0.667,0.667,0.667
SEIR01_sl1000_mr0125_nv10_9,0.913,0.894,0.903,0.917,0.936,0.926
SEIR01_sl1000_mr025_nv10_1,0.885,0.821,0.852,0.893,0.893,0.893
SEIR01_sl1000_mr025_nv10_10,0.778,0.778,0.778,0.778,0.778,0.778
SEIR01_sl1000_mr025_nv10_11,0.882,0.857,0.87,0.865,0.914,0.889
SEIR01_sl1000_mr025_nv10_12,0.667,0.75,0.706,0.75,0.75,0.75
SEIR01_sl1000_mr025_nv10_13,0.812,0.65,0.722,0.857,0.9,0.878
SEIR01_sl1000_mr025_nv10_14,0.886,0.912,0.899,0.886,0.912,0.899
SEIR01_sl1000_mr025_nv10_15,0.8,0.8,0.8,0.8,0.8,0.8
SEIR01_sl1000_mr025_nv10_16,0.923,0.857,0.889,0.907,0.929,0.918
SEIR01_sl1000_mr025_nv10_17,0.857,0.667,0.75,0.778,0.778,0.778
SEIR01_sl1000_mr025_nv10_18,0.8,0.889,0.842,0.778,0.778,0.778
SEIR01_sl1000_mr025_nv10_19,0.778,0.712,0.743,0.758,0.797,0.777
SEIR01_sl1000_mr025_nv10_2,0.913,0.955,0.933,0.913,0.955,0.933
SEIR01_sl1000_mr025_nv10_20,0.824,0.824,0.824,0.824,0.824,0.824
SEIR01_sl1000_mr025_nv10_3,0.84,0.857,0.848,0.84,0.857,0.848
SEIR01_sl1000_mr025_nv10_4,0.894,0.808,0.848,0.906,0.923,0.914
SEIR01_sl1000_mr025_nv10_5,0.95,0.864,0.905,0.909,0.909,0.909
SEIR01_sl1000_mr025_nv10_6,0.75,0.857,0.8,0.857,0.857,0.857
SEIR01_sl1000_mr025_nv10_7,0.763,0.725,0.744,0.806,0.725,0.763
SEIR01_sl1000_mr025_nv10_8,0.88,0.815,0.846,0.815,0.815,0.815
SEIR01_sl1000_mr025_nv10_9,0.897,0.745,0.814,0.894,0.894,0.894
SEIR01_sl1000_mr025_nv20_1,0.912,0.969,0.939,0.912,0.969,0.939
SEIR01_sl1000_mr025_nv20_10,0.857,0.667,0.75,0.667,0.667,0.667
SEIR01_sl1000_mr025_nv20_11,0.8,0.8,0.8,0.8,0.8,0.8
SEIR01_sl1000_mr025_nv20_12,0.842,0.889,0.865,0.889,0.889,0.889
SEIR01_sl1000_mr025_nv20_13,0.873,0.828,0.85,0.879,0.879,0.879
SEIR01_sl1000_mr025_nv20_14,0.786,0.846,0.815,0.857,0.923,0.889
SEIR01_sl1000_mr025_nv20_15,0.917,0.957,0.936,0.957,0.957,0.957
SEIR01_sl1000_mr025_nv20_16,0.545,0.857,0.667,0.6,0.857,0.706
SEIR01_sl1000_mr025_nv20_17,0.88,0.88,0.88,0.88,0.88,0.88
SEIR01_sl1000_mr025_nv20_18,0.885,0.885,0.885,0.885,0.885,0.885
SEIR01_sl1000_mr025_nv20_19,0.926,0.943,0.935,0.943,0.943,0.943
SEIR01_sl1000_mr025_nv20_2,0.907,0.929,0.918,0.907,0.929,0.918
SEIR01_sl1000_mr025_nv20_20,0.889,0.774,0.828,0.875,0.903,0.889
SEIR01_sl1000_mr025_nv20_3,0.826,0.905,0.864,0.864,0.905,0.884
SEIR01_sl1000_mr025_nv20_4,0.75,0.75,0.75,0.75,0.75,0.75
SEIR01_sl1000_mr025_nv20_5,0.875,0.848,0.862,0.848,0.848,0.848
SEIR01_sl1000_mr025_nv20_6,0.917,1,0.957,0.917,1,0.957
SEIR01_sl1000_mr025_nv20_7,0.882,0.882,0.882,0.882,0.882,0.882
SEIR01_sl1000_mr025_nv20_8,0.6,0.6,0.6,0.6,0.6,0.6
SEIR01_sl1000_mr025_nv20_9,0.923,1,0.96,1,1,1
SEIR01_sl1000_mr025_nv5_1,0.824,0.683,0.747,0.756,0.756,0.756
SEIR01_sl1000_mr025_nv5_10,0.92,0.697,0.793,0.824,0.848,0.836
SEIR01_sl1000_mr025_nv5_11,0.765,0.684,0.722,0.75,0.789,0.769
SEIR01_sl1000_mr025_nv5_12,0.824,0.737,0.778,0.842,0.842,0.842
SEIR01_sl1000_mr025_nv5_13,0.917,0.917,0.917,0.917,0.917,0.917
SEIR01_sl1000_mr025_nv5_14,0.864,0.95,0.905,0.905,0.95,0.927
SEIR01_sl1000_mr025_nv5_15,0.731,0.704,0.717,0.724,0.778,0.75
SEIR01_sl1000_mr025_nv5_16,0.944,0.944,0.944,0.944,0.944,0.944
SEIR01_sl1000_mr025_nv5_17,0.909,0.909,0.909,0.909,0.909,0.909
SEIR01_sl1000_mr025_nv5_18,0.821,0.681,0.744,0.796,0.83,0.812
SEIR01_sl1000_mr025_nv5_19,0.948,0.948,0.948,0.948,0.948,0.948
SEIR01_sl1000_mr025_nv5_2,0.75,0.562,0.643,0.647,0.688,0.667
SEIR01_sl1000_mr025_nv5_20,0.652,0.625,0.638,0.625,0.625,0.625
SEIR01_sl1000_mr025_nv5_3,0.75,0.9,0.818,0.727,0.8,0.762
SEIR01_sl1000_mr025_nv5_4,0.881,0.74,0.804,0.76,0.76,0.76
SEIR01_sl1000_mr025_nv5_5,0.818,0.529,0.643,0.722,0.765,0.743
SEIR01_sl1000_mr025_nv5_6,0.75,0.75,0.75,0.75,0.75,0.75
SEIR01_sl1000_mr025_nv5_7,0.9,0.9,0.9,0.9,0.9,0.9
SEIR01_sl1000_mr025_nv5_8,0.87,0.87,0.87,0.913,0.913,0.913
SEIR01_sl1000_mr025_nv5_9,0.778,0.778,0.778,0.778,0.778,0.778
SEIR01_sl1000_mr05_nv10_1,0.909,0.769,0.833,0.923,0.923,0.923
SEIR01_sl1000_mr05_nv10_10,0.857,0.857,0.857,0.857,0.857,0.857
SEIR01_sl1000_mr05_nv10_11,0.806,0.781,0.794,0.794,0.844,0.818
SEIR01_sl1000_mr05_nv10_12,0.891,0.845,0.867,0.881,0.897,0.889
SEIR01_sl1000_mr05_nv10_13,0.875,0.875,0.875,0.875,0.875,0.875
SEIR01_sl1000_mr05_nv10_14,0.839,0.667,0.743,0.85,0.872,0.861
SEIR01_sl1000_mr05_nv10_15,0.875,0.875,0.875,0.875,0.875,0.875
SEIR01_sl1000_mr05_nv10_16,0.955,0.955,0.955,0.955,0.955,0.955
SEIR01_sl1000_mr05_nv10_17,0.952,0.909,0.93,0.87,0.909,0.889
SEIR01_sl1000_mr05_nv10_18,0.87,0.839,0.855,0.828,0.857,0.842
SEIR01_sl1000_mr05_nv10_19,0.625,0.714,0.667,0.286,0.286,0.286
SEIR01_sl1000_mr05_nv10_2,0.889,1,0.941,0.889,1,0.941
SEIR01_sl1000_mr05_nv10_20,0.918,0.865,0.891,0.87,0.904,0.887
SEIR01_sl1000_mr05_nv10_3,0.875,0.84,0.857,0.92,0.92,0.92
SEIR01_sl1000_mr05_nv10_4,0.727,0.727,0.727,0.667,0.727,0.696
SEIR01_sl1000_mr05_nv10_5,0.889,0.889,0.889,0.889,0.889,0.889
SEIR01_sl1000_mr05_nv10_6,0.865,0.8,0.831,0.9,0.9,0.9
SEIR01_sl1000_mr05_nv10_7,0.905,0.826,0.864,0.792,0.826,0.809
SEIR01_sl1000_mr05_nv10_8,0.875,0.875,0.875,0.875,0.875,0.875
SEIR01_sl1000_mr05_nv10_9,0.92,0.885,0.902,0.926,0.962,0.943
SEIR01_sl250_mr025_nv10_1,0.592,0.644,0.617,0.583,0.622,0.602
SEIR01_sl250_mr025_nv10_10,0.75,0.706,0.727,0.778,0.824,0.8
SEIR01_sl250_mr025_nv10_11,0.7,0.875,0.778,0.684,0.812,0.743
SEIR01_sl250_mr025_nv10_12,0.818,0.837,0.828,0.792,0.884,0.835
SEIR01_sl250_mr025_nv10_13,0.5,0.667,0.571,0.429,0.5,0.462
SEIR01_sl250_mr025_nv10_14,0.61,0.543,0.575,0.532,0.543,0.538
SEIR01_sl250_mr025_nv10_15,0.583,1,0.737,0.7,1,0.824
SEIR01_sl250_mr025_nv10_16,0.458,0.587,0.514,0.469,0.652,0.545
SEIR01_sl250_mr025_nv10_17,0.273,0.375,0.316,0.462,0.75,0.571
SEIR01_sl250_mr025_nv10_18,0.714,0.781,0.746,0.676,0.781,0.725
SEIR01_sl250_mr025_nv10_19,0.714,0.833,0.769,0.714,0.833,0.769
SEIR01_sl250_mr025_nv10_2,0.714,0.714,0.714,0.625,0.714,0.667
SEIR01_sl250_mr025_nv10_20,0.65,0.722,0.684,0.65,0.722,0.684
SEIR01_sl250_mr025_nv10_3,0.69,0.741,0.714,0.71,0.815,0.759
SEIR01_sl250_mr025_nv10_4,0.812,0.929,0.867,0.812,0.929,0.867
SEIR01_sl250_mr025_nv10_5,0.689,0.756,0.721,0.633,0.756,0.689
SEIR01_sl250_mr025_nv10_6,0.63,0.773,0.694,0.607,0.773,0.68
SEIR01_sl250_mr025_nv10_7,0.706,0.857,0.774,0.706,0.857,0.774
SEIR01_sl250_mr025_nv10_8,0.643,0.794,0.711,0.634,0.765,0.693
SEIR01_sl250_mr025_nv10_9,0.761,0.836,0.797,0.718,0.836,0.773
SEIR01_sl500_mr025_nv10_1,0.6,0.6,0.6,0.455,0.5,0.476
SEIR01_sl500_mr025_nv10_10,0.786,0.786,0.786,0.688,0.786,0.733
SEIR01_sl500_mr025_nv10_11,0.824,0.824,0.824,0.824,0.824,0.824
SEIR01_sl500_mr025_nv10_12,0.852,0.902,0.876,0.889,0.941,0.914
SEIR01_sl500_mr025_nv10_13,0.824,0.7,0.757,0.714,0.75,0.732
SEIR01_sl500_mr025_nv10_14,0.667,0.667,0.667,0.667,0.667,0.667
SEIR01_sl500_mr025_nv10_15,0.842,0.828,0.835,0.8,0.828,0.814
SEIR01_sl500_mr025_nv10_16,0.857,0.8,0.828,0.75,0.8,0.774
SEIR01_sl500_mr025_nv10_17,0.4,0.333,0.364,0.571,0.667,0.615
SEIR01_sl500_mr025_nv10_18,0.333,0.333,0.333,0.333,0.333,0.333
SEIR01_sl500_mr025_nv10_19,0.583,0.875,0.7,0.545,0.75,0.632
SEIR01_sl500_mr025_nv10_2,0.556,0.625,0.588,0.5,0.5,0.5
SEIR01_sl500_mr025_nv10_20,0.815,0.688,0.746,0.781,0.781,0.781
SEIR01_sl500_mr025_nv10_3,0.857,0.857,0.857,0.792,0.905,0.844
SEIR01_sl500_mr025_nv10_4,0.667,0.857,0.75,0.625,0.714,0.667
SEIR01_sl500_mr025_nv10_5,1,0.8,0.889,0.667,0.8,0.727
SEIR01_sl500_mr025_nv10_6,0.898,0.83,0.863,0.86,0.925,0.891
SEIR01_sl500_mr025_nv10_7,0.829,0.853,0.841,0.757,0.824,0.789
SEIR01_sl500_mr025_nv10_8,0.737,0.875,0.8,0.737,0.875,0.8
SEIR01_sl500_mr025_nv10_9,0.778,0.778,0.778,0.778,0.778,0.778
SIR003_sl1000_mr025_nv10_1,0.769,0.714,0.741,0.786,0.786,0.786
SIR003_sl1000_mr025_nv10_10,0.833,0.769,0.8,0.692,0.692,0.692
SIR003_sl1000_mr025_nv10_11,0.739,0.567,0.642,0.581,0.6,0.59
SIR003_sl1000_mr025_nv10_12,0.844,0.776,0.809,0.765,0.796,0.78
SIR003_sl1000_mr025_nv10_13,0.667,0.364,0.471,0.545,0.545,0.545
SIR003_sl1000_mr025_nv10_14,0.846,0.733,0.786,0.8,0.8,0.8
SIR003_sl1000_mr025_nv10_15,0.737,0.583,0.651,0.708,0.708,0.708
SIR003_sl1000_mr025_nv10_16,0.688,0.647,0.667,0.611,0.647,0.629
SIR003_sl1000_mr025_nv10_17,0.857,0.783,0.818,0.826,0.826,0.826
SIR003_sl1000_mr025_nv10_18,1,1,1,1,1,1
SIR003_sl1000_mr025_nv10_19,0.773,0.708,0.739,0.68,0.708,0.694
SIR003_sl1000_mr025_nv10_2,0.882,0.789,0.833,0.75,0.789,0.769
SIR003_sl1000_mr025_nv10_20,0.667,0.667,0.667,0.667,0.667,0.667
SIR003_sl1000_mr025_nv10_3,1,0.731,0.844,1,0.731,0.844
SIR003_sl1000_mr025_nv10_4,0.875,0.677,0.764,0.71,0.71,0.71
SIR003_sl1000_mr025_nv10_5,0.75,0.857,0.8,0.714,0.714,0.714
SIR003_sl1000_mr025_nv10_6,0.824,0.609,0.7,0.652,0.652,0.652
SIR003_sl1000_mr025_nv10_7,0.643,0.562,0.6,0.625,0.625,0.625
SIR003_sl1000_mr025_nv10_8,0.867,0.867,0.867,0.867,0.867,0.867
SIR003_sl1000_mr025_nv10_9,0.8,0.571,0.667,0.679,0.679,0.679
SIR003_sl1000_mr05_nv10_1,0.786,0.647,0.71,0.706,0.706,0.706
SIR003_sl1000_mr05_nv10_10,0.846,0.846,0.846,0.846,0.846,0.846
SIR003_sl1000_mr05_nv10_11,0.647,0.629,0.638,0.629,0.629,0.629
SIR003_sl1000_mr05_nv10_12,0.88,0.8,0.838,0.836,0.836,0.836
SIR003_sl1000_mr05_nv10_13,0.875,0.75,0.808,0.768,0.768,0.768
SIR003_sl1000_mr05_nv10_14,1,1,1,1,1,1
SIR003_sl1000_mr05_nv10_15,0.923,0.923,0.923,0.923,0.923,0.923
SIR003_sl1000_mr05_nv10_16,0.882,0.6,0.714,0.64,0.64,0.64
SIR003_sl1000_mr05_nv10_17,0.75,0.429,0.545,0.75,0.429,0.545
SIR003_sl1000_mr05_nv10_18,0.8,0.696,0.744,0.696,0.696,0.696
SIR003_sl1000_mr05_nv10_19,0.806,0.784,0.795,0.789,0.811,0.8
SIR003_sl1000_mr05_nv10_2,0.933,0.933,0.933,0.933,0.933,0.933
SIR003_sl1000_mr05_nv10_20,0.75,0.333,0.462,0.333,0.333,0.333
SIR003_sl1000_mr05_nv10_3,0.875,0.7,0.778,0.8,0.8,0.8
SIR003_sl1000_mr05_nv10_4,0.846,0.846,0.846,0.846,0.846,0.846
SIR003_sl1000_mr05_nv10_5,0.613,0.413,0.494,0.524,0.478,0.5
SIR003_sl1000_mr05_nv10_6,0.722,0.619,0.667,0.636,0.667,0.651
SIR003_sl1000_mr05_nv10_7,0.857,0.783,0.818,0.826,0.826,0.826
SIR003_sl1000_mr05_nv10_8,0.81,0.739,0.773,0.767,0.717,0.742
SIR003_sl1000_mr05_nv10_9,0.824,0.467,0.596,0.737,0.467,0.571
SIR003_sl1000_mr05_nv20_1,0.767,0.657,0.708,0.694,0.714,0.704
SIR003_sl1000_mr05_nv20_10,0.955,0.808,0.875,0.827,0.827,0.827
SIR003_sl1000_mr05_nv20_11,1,0.4,0.571,1,0.4,0.571
SIR003_sl1000_mr05_nv20_12,0.776,0.691,0.731,0.765,0.709,0.736
SIR003_sl1000_mr05_nv20_13,0.864,0.704,0.776,0.722,0.722,0.722
SIR003_sl1000_mr05_nv20_14,0.909,1,0.952,1,1,1
SIR003_sl1000_mr05_nv20_15,0.867,0.684,0.765,0.765,0.684,0.722
SIR003_sl1000_mr05_nv20_16,0.861,0.721,0.785,0.705,0.721,0.713
SIR003_sl1000_mr05_nv20_17,0.854,0.7,0.769,0.74,0.74,0.74
SIR003_sl1000_mr05_nv20_18,0.818,0.711,0.761,0.789,0.789,0.789
SIR003_sl1000_mr05_nv20_19,0.839,0.703,0.765,0.737,0.757,0.747
SIR003_sl1000_mr05_nv20_2,0.821,0.653,0.727,0.68,0.694,0.687
SIR003_sl1000_mr05_nv20_20,0.857,0.857,0.857,0.857,0.857,0.857
SIR003_sl1000_mr05_nv20_3,0.889,0.615,0.727,0.692,0.692,0.692
SIR003_sl1000_mr05_nv20_4,0.839,0.812,0.825,0.844,0.844,0.844
SIR003_sl1000_mr05_nv20_5,0.842,0.667,0.744,0.708,0.708,0.708
SIR003_sl1000_mr05_nv20_6,0.909,0.714,0.8,0.786,0.786,0.786
SIR003_sl1000_mr05_nv20_7,0.818,0.75,0.783,0.615,0.667,0.64
SIR003_sl1000_mr05_nv20_8,0.708,0.63,0.667,0.63,0.63,0.63
SIR003_sl1000_mr05_nv20_9,0.833,0.75,0.789,0.8,0.8,0.8
SIR003_sl1000_mr05_nv5_1,0.75,0.686,0.716,0.694,0.714,0.704
SIR003_sl1000_mr05_nv5_10,0.857,0.732,0.789,0.78,0.78,0.78
SIR003_sl1000_mr05_nv5_11,0.765,0.629,0.69,0.603,0.613,0.608
SIR003_sl1000_mr05_nv5_12,0.857,1,0.923,0.857,1,0.923
SIR003_sl1000_mr05_nv5_13,0.833,0.909,0.87,0.833,0.909,0.87
SIR003_sl1000_mr05_nv5_14,0.773,0.586,0.667,0.621,0.621,0.621
SIR003_sl1000_mr05_nv5_15,0.843,0.694,0.761,0.758,0.758,0.758
SIR003_sl1000_mr05_nv5_16,0.833,0.833,0.833,0.833,0.833,0.833
SIR003_sl1000_mr05_nv5_17,0.75,0.562,0.643,0.646,0.646,0.646
SIR003_sl1000_mr05_nv5_18,0.812,0.812,0.812,0.812,0.812,0.812
SIR003_sl1000_mr05_nv5_19,0.643,0.529,0.581,0.543,0.559,0.551
SIR003_sl1000_mr05_nv5_2,0.667,0.667,0.667,0.667,0.667,0.667
SIR003_sl1000_mr05_nv5_20,0.75,0.692,0.72,0.643,0.692,0.667
SIR003_sl1000_mr05_nv5_3,0.667,0.75,0.706,0.625,0.625,0.625
SIR003_sl1000_mr05_nv5_4,0.917,0.786,0.846,0.929,0.929,0.929
SIR003_sl1000_mr05_nv5_5,1,0.636,0.778,1,0.636,0.778
SIR003_sl1000_mr05_nv5_6,0.8,0.364,0.5,0.455,0.455,0.455
SIR003_sl1000_mr05_nv5_7,0.827,0.581,0.683,0.64,0.649,0.644
SIR003_sl1000_mr05_nv5_8,0.857,0.48,0.615,0.52,0.52,0.52
SIR003_sl1000_mr05_nv5_9,0.652,0.625,0.638,0.52,0.542,0.531
SIR003_sl1000_mr1_nv10_1,0.857,0.706,0.774,0.765,0.765,0.765
SIR003_sl1000_mr1_nv10_10,0.667,0.545,0.6,0.545,0.545,0.545
SIR003_sl1000_mr1_nv10_11,0.778,0.7,0.737,0.7,0.7,0.7
SIR003_sl1000_mr1_nv10_12,0.545,0.444,0.49,0.571,0.593,0.582
SIR003_sl1000_mr1_nv10_13,0.167,0.167,0.167,0.167,0.167,0.167
SIR003_sl1000_mr1_nv10_14,0.897,0.722,0.8,0.778,0.778,0.778
SIR003_sl1000_mr1_nv10_15,0.636,0.636,0.636,0.636,0.636,0.636
SIR003_sl1000_mr1_nv10_16,0.769,0.5,0.606,0.667,0.7,0.683
SIR003_sl1000_mr1_nv10_17,0.786,0.688,0.733,0.75,0.75,0.75
SIR003_sl1000_mr1_nv10_18,0.926,0.758,0.833,0.788,0.788,0.788
SIR003_sl1000_mr1_nv10_19,0.82,0.641,0.719,0.737,0.656,0.694
SIR003_sl1000_mr1_nv10_2,0.714,0.635,0.672,0.672,0.683,0.677
SIR003_sl1000_mr1_nv10_20,0.821,0.667,0.736,0.731,0.71,0.721
SIR003_sl1000_mr1_nv10_3,0.792,0.826,0.809,0.75,0.783,0.766
SIR003_sl1000_mr1_nv10_4,0.923,0.828,0.873,0.828,0.828,0.828
SIR003_sl1000_mr1_nv10_5,1,0.556,0.714,1,0.556,0.714
SIR003_sl1000_mr1_nv10_6,0.909,0.667,0.769,0.7,0.7,0.7
SIR003_sl1000_mr1_nv10_7,0.833,0.625,0.714,0.75,0.75,0.75
SIR003_sl1000_mr1_nv10_8,0.897,0.743,0.812,0.743,0.743,0.743
SIR003_sl1000_mr1_nv10_9,1,0.667,0.8,1,0.667,0.8
SIR003_sl250_mr05_nv10_1,0.606,0.625,0.615,0.556,0.625,0.588
SIR003_sl250_mr05_nv10_10,0.55,0.579,0.564,0.476,0.526,0.5
SIR003_sl250_mr05_nv10_11,0.667,0.5,0.571,0.625,0.417,0.5
SIR003_sl250_mr05_nv10_12,0.429,0.462,0.444,0.429,0.462,0.444
SIR003_sl250_mr05_nv10_13,0.75,0.429,0.545,0.75,0.429,0.545
SIR003_sl250_mr05_nv10_14,0.75,0.75,0.75,0.75,0.75,0.75
SIR003_sl250_mr05_nv10_15,0.857,0.75,0.8,0.667,0.75,0.706
SIR003_sl250_mr05_nv10_16,0.538,0.636,0.583,0.5,0.545,0.522
SIR003_sl250_mr05_nv10_17,0.689,0.689,0.689,0.646,0.689,0.667
SIR003_sl250_mr05_nv10_18,0.7,0.519,0.596,0.464,0.481,0.473
SIR003_sl250_mr05_nv10_19,0.4,0.32,0.356,0.321,0.36,0.34
SIR003_sl250_mr05_nv10_2,0.714,0.714,0.714,0.714,0.714,0.714
SIR003_sl250_mr05_nv10_20,0.625,0.61,0.617,0.614,0.659,0.635
SIR003_sl250_mr05_nv10_3,0.9,0.818,0.857,0.864,0.864,0.864
SIR003_sl250_mr05_nv10_4,0.769,0.833,0.8,0.769,0.833,0.8
SIR003_sl250_mr05_nv10_5,0.739,0.773,0.756,0.696,0.727,0.711
SIR003_sl250_mr05_nv10_6,0.806,0.758,0.781,0.765,0.788,0.776
SIR003_sl250_mr05_nv10_7,0.475,0.413,0.442,0.404,0.457,0.429
SIR003_sl250_mr05_nv10_8,0.45,0.529,0.486,0.421,0.471,0.444
SIR003_sl250_mr05_nv10_9,0.462,0.667,0.545,0.417,0.556,0.476
SIR003_sl500_mr05_nv10_1,0.667,0.857,0.75,0.857,0.857,0.857
SIR003_sl500_mr05_nv10_10,0.75,0.538,0.627,0.647,0.564,0.603
SIR003_sl500_mr05_nv10_11,0.833,0.833,0.833,0.833,0.833,0.833
SIR003_sl500_mr05_nv10_12,0.81,0.654,0.723,0.655,0.731,0.691
SIR003_sl500_mr05_nv10_13,0.733,0.688,0.71,0.667,0.625,0.645
SIR003_sl500_mr05_nv10_14,0.69,0.606,0.645,0.724,0.636,0.677
SIR003_sl500_mr05_nv10_15,0.95,1,0.974,1,1,1
SIR003_sl500_mr05_nv10_16,0.538,0.583,0.56,0.5,0.583,0.538
SIR003_sl500_mr05_nv10_17,0.667,0.8,0.727,0.636,0.7,0.667
SIR003_sl500_mr05_nv10_18,0.846,0.846,0.846,0.846,0.846,0.846
SIR003_sl500_mr05_nv10_19,0.692,0.6,0.643,0.633,0.633,0.633
SIR003_sl500_mr05_nv10_2,0.844,0.794,0.818,0.824,0.824,0.824
SIR003_sl500_mr05_nv10_20,0.667,0.5,0.571,0.625,0.625,0.625
SIR003_sl500_mr05_nv10_3,0.846,0.759,0.8,0.759,0.759,0.759
SIR003_sl500_mr05_nv10_4,0.8,0.615,0.696,0.63,0.654,0.642
SIR003_sl500_mr05_nv10_5,0.857,0.6,0.706,0.636,0.7,0.667
SIR003_sl500_mr05_nv10_6,0.833,0.714,0.769,0.714,0.714,0.714
SIR003_sl500_mr05_nv10_7,0.667,0.778,0.718,0.667,0.778,0.718
SIR003_sl500_mr05_nv10_8,0.647,0.733,0.688,0.625,0.667,0.645
SIR003_sl500_mr05_nv10_9,0.857,0.857,0.857,0.857,0.857,0.857
SIR01_sl1000_mr075_nv10_1,0.836,0.807,0.821,0.828,0.842,0.835
SIR01_sl1000_mr075_nv10_10,1,0.75,0.857,0.75,0.75,0.75
SIR01_sl1000_mr075_nv10_11,1,1,1,1,1,1
SIR01_sl1000_mr075_nv10_12,0.889,0.8,0.842,0.833,0.833,0.833
SIR01_sl1000_mr075_nv10_13,0.778,0.5,0.609,0.643,0.643,0.643
SIR01_sl1000_mr075_nv10_14,0.667,0.857,0.75,0.714,0.714,0.714
SIR01_sl1000_mr075_nv10_15,0.833,0.833,0.833,0.833,0.833,0.833
SIR01_sl1000_mr075_nv10_16,0.8,0.889,0.842,0.789,0.833,0.811
SIR01_sl1000_mr075_nv10_17,0.839,0.662,0.74,0.75,0.761,0.755
SIR01_sl1000_mr075_nv10_18,0.833,0.909,0.87,0.818,0.818,0.818
SIR01_sl1000_mr075_nv10_19,0.75,0.273,0.4,0.571,0.364,0.444
SIR01_sl1000_mr075_nv10_2,1,0.636,0.778,1,0.545,0.706
SIR01_sl1000_mr075_nv10_20,0.76,0.633,0.691,0.7,0.7,0.7
SIR01_sl1000_mr075_nv10_3,0.714,0.455,0.556,0.545,0.545,0.545
SIR01_sl1000_mr075_nv10_4,0.861,0.816,0.838,0.895,0.895,0.895
SIR01_sl1000_mr075_nv10_5,0.9,0.703,0.789,0.86,0.766,0.81
SIR01_sl1000_mr075_nv10_6,0.75,0.75,0.75,0.75,0.75,0.75
SIR01_sl1000_mr075_nv10_7,0.909,0.833,0.87,0.917,0.917,0.917
SIR01_sl1000_mr075_nv10_8,0.818,0.562,0.667,0.818,0.562,0.667
SIR01_sl1000_mr075_nv10_9,0.895,0.63,0.739,0.773,0.63,0.694
SIR01_sl1000_mr15_nv10_1,0.783,0.571,0.661,0.761,0.556,0.642
SIR01_sl1000_mr15_nv10_10,0.778,0.656,0.712,0.7,0.656,0.677
SIR01_sl1000_mr15_nv10_11,0.875,0.583,0.7,0.667,0.667,0.667
SIR01_sl1000_mr15_nv10_12,0.733,0.458,0.564,0.706,0.5,0.585
SIR01_sl1000_mr15_nv10_13,1,0.588,0.741,1,0.588,0.741
SIR01_sl1000_mr15_nv10_14,1,1,1,1,1,1
SIR01_sl1000_mr15_nv10_15,0.733,0.579,0.647,0.564,0.579,0.571
SIR01_sl1000_mr15_nv10_16,0.556,0.714,0.625,0.714,0.714,0.714
SIR01_sl1000_mr15_nv10_17,0.938,0.75,0.833,1,0.75,0.857
SIR01_sl1000_mr15_nv10_18,0.821,0.667,0.736,0.7,0.71,0.705
SIR01_sl1000_mr15_nv10_19,0.889,0.889,0.889,0.889,0.889,0.889
SIR01_sl1000_mr15_nv10_2,1,0.615,0.762,0.7,0.538,0.609
SIR01_sl1000_mr15_nv10_20,0.7,0.778,0.737,0.778,0.778,0.778
SIR01_sl1000_mr15_nv10_3,0.882,0.763,0.818,0.833,0.763,0.796
SIR01_sl1000_mr15_nv10_4,0.8,0.5,0.615,0.8,0.5,0.615
SIR01_sl1000_mr15_nv10_5,1,0.8,0.889,0.9,0.9,0.9
SIR01_sl1000_mr15_nv10_6,0.778,1,0.875,0.714,0.714,0.714
SIR01_sl1000_mr15_nv10_7,0.872,0.68,0.764,0.854,0.7,0.769
SIR01_sl1000_mr15_nv10_8,1,0.6,0.75,0.8,0.8,0.8
SIR01_sl1000_mr15_nv10_9,0.789,0.714,0.75,0.714,0.714,0.714
SIR01_sl1000_mr15_nv20_1,0.909,0.625,0.741,0.719,0.719,0.719
SIR01_sl1000_mr15_nv20_10,1,0.692,0.818,0.769,0.769,0.769
SIR01_sl1000_mr15_nv20_11,0.85,0.864,0.857,0.864,0.864,0.864
SIR01_sl1000_mr15_nv20_12,0.889,0.533,0.667,0.6,0.6,0.6
SIR01_sl1000_mr15_nv20_13,0.833,0.833,0.833,0.833,0.833,0.833
SIR01_sl1000_mr15_nv20_14,0.4,0.4,0.4,0.4,0.4,0.4
SIR01_sl1000_mr15_nv20_15,0.5,0.357,0.417,0.429,0.429,0.429
SIR01_sl1000_mr15_nv20_16,0.947,0.857,0.9,0.857,0.857,0.857
SIR01_sl1000_mr15_nv20_17,0.714,0.714,0.714,0.714,0.714,0.714
SIR01_sl1000_mr15_nv20_18,0.931,0.9,0.915,0.933,0.933,0.933
SIR01_sl1000_mr15_nv20_19,0.933,0.824,0.875,0.882,0.882,0.882
SIR01_sl1000_mr15_nv20_2,0.833,0.5,0.625,0.5,0.5,0.5
SIR01_sl1000_mr15_nv20_20,0.857,0.857,0.857,0.857,0.857,0.857
SIR01_sl1000_mr15_nv20_3,1,0.6,0.75,0.6,0.6,0.6
SIR01_sl1000_mr15_nv20_4,0.893,0.725,0.8,0.836,0.739,0.785
SIR01_sl1000_mr15_nv20_5,0.75,0.6,0.667,0.7,0.7,0.7
SIR01_sl1000_mr15_nv20_6,0.7,0.875,0.778,0.875,0.875,0.875
SIR01_sl1000_mr15_nv20_7,0.923,0.857,0.889,0.857,0.857,0.857
SIR01_sl1000_mr15_nv20_8,0.949,0.771,0.851,0.927,0.792,0.854
SIR01_sl1000_mr15_nv20_9,0.905,0.731,0.809,0.955,0.808,0.875
SIR01_sl1000_mr15_nv5_1,0.81,0.607,0.694,0.739,0.607,0.667
SIR01_sl1000_mr15_nv5_10,0.889,0.727,0.8,0.727,0.727,0.727
SIR01_sl1000_mr15_nv5_11,0.714,0.556,0.625,0.667,0.667,0.667
SIR01_sl1000_mr15_nv5_12,0.647,0.478,0.55,0.565,0.565,0.565
SIR01_sl1000_mr15_nv5_13,0.765,0.812,0.788,0.812,0.812,0.812
SIR01_sl1000_mr15_nv5_14,0.778,0.636,0.7,0.625,0.682,0.652
SIR01_sl1000_mr15_nv5_15,0.732,0.667,0.698,0.711,0.711,0.711
SIR01_sl1000_mr15_nv5_16,0.571,0.444,0.5,0.444,0.444,0.444
SIR01_sl1000_mr15_nv5_17,0.875,0.875,0.875,0.875,0.875,0.875
SIR01_sl1000_mr15_nv5_18,1,0.778,0.875,0.778,0.778,0.778
SIR01_sl1000_mr15_nv5_19,0.733,0.524,0.611,0.619,0.619,0.619
SIR01_sl1000_mr15_nv5_2,0.69,0.571,0.625,0.686,0.686,0.686
SIR01_sl1000_mr15_nv5_20,0.917,0.647,0.759,0.706,0.706,0.706
SIR01_sl1000_mr15_nv5_3,0.5,0.333,0.4,0.4,0.444,0.421
SIR01_sl1000_mr15_nv5_4,0.917,0.44,0.595,0.56,0.56,0.56
SIR01_sl1000_mr15_nv5_5,0.667,0.545,0.6,0.636,0.636,0.636
SIR01_sl1000_mr15_nv5_6,0.917,0.478,0.629,0.857,0.522,0.649
SIR01_sl1000_mr15_nv5_7,1,0.5,0.667,0.5,0.5,0.5
SIR01_sl1000_mr15_nv5_8,0.6,0.375,0.462,0.375,0.375,0.375
SIR01_sl1000_mr15_nv5_9,0.812,0.553,0.658,0.75,0.574,0.651
SIR01_sl1000_mr3_nv10_1,0.846,0.733,0.786,0.71,0.733,0.721
SIR01_sl1000_mr3_nv10_10,1,0.778,0.875,0.778,0.778,0.778
SIR01_sl1000_mr3_nv10_11,0.905,0.667,0.768,0.864,0.667,0.752
SIR01_sl1000_mr3_nv10_12,0.862,0.735,0.794,0.735,0.735,0.735
SIR01_sl1000_mr3_nv10_13,0.885,0.639,0.742,0.75,0.667,0.706
SIR01_sl1000_mr3_nv10_14,0.88,0.786,0.83,0.88,0.786,0.83
SIR01_sl1000_mr3_nv10_15,0.75,0.333,0.462,0.556,0.556,0.556
SIR01_sl1000_mr3_nv10_16,0.926,0.781,0.847,0.926,0.781,0.847
SIR01_sl1000_mr3_nv10_17,1,0.8,0.889,0.8,0.8,0.8
SIR01_sl1000_mr3_nv10_18,0.941,0.667,0.78,0.792,0.792,0.792
SIR01_sl1000_mr3_nv10_19,0.875,0.467,0.609,0.433,0.433,0.433
SIR01_sl1000_mr3_nv10_2,0.778,0.778,0.778,0.778,0.778,0.778
SIR01_sl1000_mr3_nv10_20,0.667,0.667,0.667,0.667,0.667,0.667
SIR01_sl1000_mr3_nv10_3,0.778,0.7,0.737,0.7,0.7,0.7
SIR01_sl1000_mr3_nv10_4,0.9,0.75,0.818,0.917,0.917,0.917
SIR01_sl1000_mr3_nv10_5,0.826,0.679,0.745,0.75,0.75,0.75
SIR01_sl1000_mr3_nv10_6,0.767,0.611,0.68,0.636,0.648,0.642
SIR01_sl1000_mr3_nv10_7,0.812,0.565,0.667,0.696,0.696,0.696
SIR01_sl1000_mr3_nv10_8,1,0.6,0.75,0.8,0.8,0.8
SIR01_sl1000_mr3_nv10_9,1,0.552,0.711,0.895,0.586,0.708
SIR01_sl250_mr15_nv10_1,0.591,0.765,0.667,0.6,0.706,0.649
SIR01_sl250_mr15_nv10_10,0.783,0.643,0.706,0.692,0.643,0.667
SIR01_sl250_mr15_nv10_11,0.571,0.5,0.533,0.6,0.5,0.545
SIR01_sl250_mr15_nv10_12,0.579,0.579,0.579,0.458,0.579,0.512
SIR01_sl250_mr15_nv10_13,0.556,0.385,0.455,0.375,0.462,0.414
SIR01_sl250_mr15_nv10_14,0.533,0.533,0.533,0.588,0.667,0.625
SIR01_sl250_mr15_nv10_15,0.333,0.25,0.286,0.2,0.25,0.222
SIR01_sl250_mr15_nv10_16,0.593,0.696,0.64,0.6,0.652,0.625
SIR01_sl250_mr15_nv10_17,0.875,1,0.933,1,1,1
SIR01_sl250_mr15_nv10_18,0.545,0.6,0.571,0.462,0.6,0.522
SIR01_sl250_mr15_nv10_19,0.75,0.857,0.8,0.75,0.857,0.8
SIR01_sl250_mr15_nv10_2,0.5,0.667,0.571,0.545,0.667,0.6
SIR01_sl250_mr15_nv10_20,0.429,0.429,0.429,0.375,0.429,0.4
SIR01_sl250_mr15_nv10_3,0.667,0.571,0.615,0.5,0.643,0.563
SIR01_sl250_mr15_nv10_4,0.467,0.583,0.519,0.538,0.583,0.56
SIR01_sl250_mr15_nv10_5,0.727,0.889,0.8,0.8,0.889,0.842
SIR01_sl250_mr15_nv10_6,0.476,0.465,0.471,0.354,0.395,0.374
SIR01_sl250_mr15_nv10_7,0.676,0.561,0.613,0.641,0.61,0.625
SIR01_sl250_mr15_nv10_8,0.714,0.556,0.625,0.556,0.556,0.556
SIR01_sl250_mr15_nv10_9,0.5,0.4,0.444,0.571,0.4,0.471
SIR01_sl500_mr15_nv10_1,1,0.6,0.75,0.8,0.8,0.8
SIR01_sl500_mr15_nv10_10,0.636,0.538,0.583,0.538,0.538,0.538
SIR01_sl500_mr15_nv10_11,0.857,0.706,0.774,0.722,0.765,0.743
SIR01_sl500_mr15_nv10_12,0.5,0.5,0.5,0.5,0.667,0.571
SIR01_sl500_mr15_nv10_13,0.571,0.571,0.571,0.5,0.571,0.533
SIR01_sl500_mr15_nv10_14,0.724,0.538,0.618,0.629,0.564,0.595
SIR01_sl500_mr15_nv10_15,0.625,0.667,0.645,0.625,0.667,0.645
SIR01_sl500_mr15_nv10_16,0.8,0.8,0.8,0.8,0.8,0.8
SIR01_sl500_mr15_nv10_17,0.733,0.846,0.786,0.692,0.692,0.692
SIR01_sl500_mr15_nv10_18,0.722,0.52,0.605,0.56,0.56,0.56
SIR01_sl500_mr15_nv10_19,0.842,0.593,0.696,0.655,0.704,0.679
SIR01_sl500_mr15_nv10_2,0.684,0.619,0.65,0.682,0.714,0.698
SIR01_sl500_mr15_nv10_20,0.909,0.8,0.851,0.84,0.84,0.84
SIR01_sl500_mr15_nv10_3,0.75,0.632,0.686,0.65,0.684,0.667
SIR01_sl500_mr15_nv10_4,0.889,0.653,0.753,0.814,0.714,0.761
SIR01_sl500_mr15_nv10_5,0.787,0.712,0.747,0.673,0.712,0.692
SIR01_sl500_mr15_nv10_6,0.967,1,0.983,0.933,0.966,0.949
SIR01_sl500_mr15_nv10_7,0.875,1,0.933,0.75,0.857,0.8
SIR01_sl500_mr15_nv10_8,0.75,0.375,0.5,0.75,0.375,0.5
SIR01_sl500_mr15_nv10_9,0.827,0.754,0.789,0.776,0.789,0.783
,0.772291071428572,0.701962500000002,0.728019642857144,0.734207142857143,0.750407142857143,0.738898214285714
