dataset,sharp_prec,sharp_rec,sharp_f1,tnet_prec,tnet_rec,tnet_f1,tnet_min_prec,tnet_min_rec,tnet_min_f1
SIR01_sl1000_mr15_nv5_19,0.765,0.619,0.684,0.667,0.667,0.667,0.667,0.667,0.667
SEIR015_sl250_mr025_nv10_2,0.273,0.136,0.182,0.5,0.273,0.353,0.5,0.273,0.353
SEIR015_sl1000_mr025_nv10_3,0.848,0.848,0.848,0.915,0.935,0.925,0.915,0.935,0.925
SIR01_sl1000_mr15_nv5_17,0.875,0.875,0.875,0.875,0.875,0.875,0.875,0.875,0.875
SEIR01_sl1000_mr025_nv5_14,1,0.9,0.947,1,0.9,0.947,1,0.95,0.974
SIR01_sl500_mr15_nv10_15,0.739,0.567,0.642,0.769,0.667,0.714,0.733,0.733,0.733
SEIR01_sl1000_mr0125_nv10_9,0.978,0.936,0.957,0.938,0.957,0.947,0.938,0.957,0.947
SEIR015_sl1000_mr025_nv20_12,0.857,0.6,0.706,0.923,0.6,0.727,0.857,0.6,0.706
SIR01_sl1000_mr15_nv20_5,0.7,0.7,0.7,0.7,0.7,0.7,0.7,0.7,0.7
SIR003_sl1000_mr05_nv10_17,0.75,0.429,0.545,0.75,0.429,0.545,0.75,0.429,0.545
SIR01_sl1000_mr15_nv10_6,0.778,1,0.875,1,1,1,1,1,1
SEIR015_sl250_mr025_nv10_3,0.333,0.267,0.296,0.222,0.133,0.167,0.222,0.133,0.167
SEIR015_sl500_mr025_nv10_2,0.625,0.625,0.625,0.625,0.625,0.625,0.625,0.625,0.625
SEIR015_sl1000_mr0125_nv10_7,0.897,0.765,0.825,0.984,0.882,0.93,0.984,0.912,0.947
SIR003_sl1000_mr1_nv10_20,0.879,0.739,0.803,0.778,0.71,0.742,0.773,0.739,0.756
SIR01_sl1000_mr15_nv5_5,0.6,0.545,0.571,0.636,0.636,0.636,0.636,0.636,0.636
SIR003_sl250_mr05_nv10_16,0.625,0.455,0.526,0.625,0.455,0.526,0.625,0.455,0.526
SIR003_sl1000_mr05_nv5_17,0.75,0.625,0.682,0.638,0.625,0.632,0.638,0.625,0.632
SIR01_sl500_mr15_nv10_7,0.778,1,0.875,0.75,0.857,0.8,0.75,0.857,0.8
SIR01_sl1000_mr075_nv10_18,0.833,0.909,0.87,0.818,0.818,0.818,0.818,0.818,0.818
SIR01_sl1000_mr3_nv10_14,0.885,0.821,0.852,0.917,0.786,0.846,0.913,0.75,0.824
SIR01_sl500_mr15_nv10_20,0.95,0.76,0.844,0.947,0.72,0.818,0.95,0.76,0.844
SEIR015_sl1000_mr0125_nv10_15,0.781,0.556,0.649,0.932,0.911,0.921,0.932,0.911,0.921
SIR003_sl1000_mr025_nv10_7,0.562,0.562,0.562,0.625,0.625,0.625,0.6,0.562,0.581
SEIR015_sl250_mr025_nv10_9,0.818,0.6,0.692,0.929,0.867,0.897,0.929,0.867,0.897
SEIR015_sl250_mr025_nv10_10,0.697,0.39,0.5,0.833,0.254,0.39,0.778,0.475,0.589
SEIR01_sl1000_mr025_nv10_11,0.889,0.914,0.901,0.889,0.914,0.901,0.889,0.914,0.901
SIR01_sl1000_mr075_nv10_17,0.782,0.606,0.683,0.763,0.634,0.692,0.716,0.676,0.696
SEIR01_sl1000_mr025_nv10_13,0.824,0.7,0.757,0.857,0.9,0.878,0.857,0.9,0.878
SIR01_sl1000_mr15_nv20_12,0.9,0.6,0.72,0.727,0.533,0.615,0.667,0.533,0.593
SEIR01_sl500_mr025_nv10_10,0.733,0.786,0.759,0.733,0.786,0.759,0.733,0.786,0.759
SIR003_sl1000_mr05_nv5_18,0.75,0.75,0.75,0.75,0.75,0.75,0.75,0.75,0.75
SIR01_sl500_mr15_nv10_14,0.71,0.564,0.629,0.636,0.538,0.583,0.618,0.538,0.575
SIR003_sl500_mr05_nv10_6,0.65,0.619,0.634,0.571,0.571,0.571,0.545,0.571,0.558
SIR01_sl1000_mr075_nv10_7,0.913,0.875,0.894,0.917,0.917,0.917,0.917,0.917,0.917
SEIR01_sl1000_mr05_nv10_20,0.92,0.885,0.902,0.906,0.923,0.914,0.906,0.923,0.914
SIR003_sl250_mr05_nv10_4,0.667,0.667,0.667,0.667,0.667,0.667,0.667,0.667,0.667
SEIR01_sl500_mr025_nv10_3,0.895,0.81,0.85,0.81,0.81,0.81,0.81,0.81,0.81
SIR003_sl1000_mr05_nv5_19,0.71,0.647,0.677,0.514,0.529,0.522,0.514,0.529,0.522
SEIR015_sl1000_mr025_nv20_4,0.893,0.758,0.82,0.886,0.939,0.912,0.912,0.939,0.925
SIR003_sl1000_mr025_nv10_5,0.75,0.857,0.8,0.75,0.857,0.8,0.75,0.857,0.8
SEIR015_sl250_mr025_nv10_5,0.625,0.625,0.625,0.667,0.75,0.706,0.667,0.75,0.706
SIR01_sl500_mr15_nv10_18,0.8,0.64,0.711,0.778,0.56,0.651,0.824,0.56,0.667
SIR01_sl1000_mr3_nv10_5,0.8,0.714,0.755,0.75,0.75,0.75,0.75,0.75,0.75
SEIR015_sl1000_mr0125_nv10_19,0.905,0.613,0.731,0.875,0.677,0.764,0.95,0.613,0.745
SIR003_sl500_mr05_nv10_10,0.781,0.641,0.704,0.679,0.487,0.567,0.655,0.487,0.559
SEIR015_sl1000_mr025_nv20_11,0.833,0.769,0.8,0.857,0.923,0.889,0.857,0.923,0.889
SEIR015_sl250_mr025_nv10_6,0.6,0.514,0.554,0.657,0.657,0.657,0.667,0.686,0.676
SIR003_sl1000_mr05_nv20_3,1,0.769,0.87,0.769,0.769,0.769,0.917,0.846,0.88
SEIR015_sl1000_mr025_nv20_1,0.857,0.8,0.828,0.933,0.933,0.933,1,0.933,0.966
SEIR015_sl1000_mr0125_nv10_3,0.9,1,0.947,0.889,0.889,0.889,0.889,0.889,0.889
SIR01_sl1000_mr15_nv5_12,0.706,0.522,0.6,0.762,0.696,0.727,0.762,0.696,0.727
SIR003_sl1000_mr05_nv10_3,0.667,0.8,0.727,0.8,0.8,0.8,0.8,0.8,0.8
SEIR01_sl1000_mr025_nv10_17,0.868,0.733,0.795,0.818,0.8,0.809,0.818,0.8,0.809
SIR01_sl1000_mr15_nv10_20,0.7,0.778,0.737,0.778,0.778,0.778,0.778,0.778,0.778
SIR003_sl500_mr05_nv10_12,0.792,0.731,0.76,0.607,0.654,0.63,0.607,0.654,0.63
SEIR015_sl1000_mr025_nv5_14,0.647,0.733,0.688,0.765,0.867,0.812,0.765,0.867,0.812
SIR01_sl1000_mr3_nv10_13,0.929,0.722,0.813,0.71,0.611,0.657,0.657,0.639,0.648
SEIR015_sl1000_mr05_nv10_15,0.875,0.636,0.737,0.833,0.909,0.87,1,0.909,0.952
SEIR015_sl250_mr025_nv10_4,0.769,0.8,0.784,0.8,0.8,0.8,0.8,0.8,0.8
SEIR015_sl1000_mr025_nv20_6,0.816,0.816,0.816,0.842,0.842,0.842,0.842,0.842,0.842
SEIR015_sl1000_mr05_nv10_14,0.771,0.587,0.667,0.9,0.783,0.837,0.857,0.783,0.818
SEIR01_sl250_mr025_nv10_5,0.743,0.634,0.684,0.706,0.585,0.64,0.706,0.585,0.64
SIR003_sl1000_mr05_nv20_4,0.909,0.938,0.923,0.9,0.844,0.871,0.9,0.844,0.871
SEIR01_sl500_mr025_nv10_5,0.5,0.8,0.615,0.429,0.6,0.5,0.5,0.8,0.615
SIR003_sl1000_mr05_nv5_9,0.714,0.625,0.667,0.714,0.625,0.667,0.714,0.625,0.667
SEIR015_sl250_mr025_nv10_16,0.533,0.296,0.381,0.727,0.593,0.653,0.696,0.593,0.64
SEIR015_sl250_mr025_nv10_18,0.375,0.273,0.316,0.667,0.545,0.6,0.667,0.545,0.6
SEIR015_sl1000_mr025_nv5_5,0.75,0.571,0.649,0.833,0.476,0.606,0.846,0.524,0.647
SEIR015_sl1000_mr025_nv20_7,1,0.889,0.941,0.919,0.944,0.932,0.944,0.944,0.944
SIR003_sl1000_mr05_nv5_12,0.857,1,0.923,0.857,1,0.923,0.857,1,0.923
SEIR01_sl250_mr025_nv10_17,0.5,0.625,0.556,0.5,0.625,0.556,0.5,0.625,0.556
SIR01_sl1000_mr15_nv5_8,0.5,0.375,0.429,0.375,0.375,0.375,0.375,0.375,0.375
SIR01_sl500_mr15_nv10_5,0.894,0.808,0.848,0.822,0.712,0.763,0.804,0.712,0.755
SEIR01_sl1000_mr025_nv5_20,0.773,0.708,0.739,0.889,0.667,0.762,0.75,0.625,0.682
SEIR01_sl1000_mr0125_nv10_12,1,0.2,0.333,1,0.2,0.333,1,0.2,0.333
SEIR015_sl500_mr025_nv10_7,0.796,0.629,0.703,0.906,0.774,0.835,0.906,0.774,0.835
SEIR015_sl1000_mr025_nv5_18,0.773,0.618,0.687,0.84,0.764,0.8,0.848,0.709,0.772
SIR01_sl1000_mr3_nv10_15,0.75,0.667,0.706,0.667,0.667,0.667,0.667,0.667,0.667
SIR003_sl250_mr05_nv10_10,0.588,0.526,0.556,0.588,0.526,0.556,0.588,0.526,0.556
SEIR015_sl1000_mr025_nv5_2,1,0.778,0.875,1,0.778,0.875,0.778,0.778,0.778
SIR003_sl250_mr05_nv10_8,0.9,0.529,0.667,0.818,0.529,0.643,0.818,0.529,0.643
SEIR015_sl250_mr025_nv10_12,0.622,0.651,0.636,0.707,0.674,0.69,0.674,0.721,0.697
SIR01_sl500_mr15_nv10_2,0.818,0.857,0.837,0.714,0.714,0.714,0.714,0.714,0.714
SIR003_sl1000_mr05_nv5_20,0.786,0.846,0.815,0.833,0.769,0.8,0.833,0.769,0.8
SIR003_sl500_mr05_nv10_8,0.714,0.667,0.69,0.667,0.667,0.667,0.667,0.667,0.667
SIR01_sl1000_mr15_nv20_7,0.889,0.857,0.873,0.923,0.857,0.889,0.923,0.857,0.889
SIR01_sl500_mr15_nv10_8,0.75,0.375,0.5,0.75,0.375,0.5,0.75,0.375,0.5
SEIR01_sl1000_mr025_nv5_13,0.917,0.917,0.917,0.917,0.917,0.917,0.917,0.917,0.917
SEIR01_sl250_mr025_nv10_20,0.722,0.722,0.722,0.684,0.722,0.703,0.684,0.722,0.703
SEIR01_sl1000_mr025_nv20_13,0.927,0.879,0.903,0.864,0.879,0.872,0.864,0.879,0.872
SIR003_sl1000_mr05_nv10_13,0.878,0.768,0.819,0.774,0.732,0.752,0.808,0.75,0.778
SEIR015_sl500_mr025_nv10_3,0.769,0.541,0.635,0.935,0.784,0.853,0.935,0.784,0.853
SIR01_sl1000_mr3_nv10_4,0.9,0.75,0.818,0.917,0.917,0.917,0.917,0.917,0.917
SEIR01_sl1000_mr05_nv10_14,0.906,0.744,0.817,0.943,0.846,0.892,0.943,0.846,0.892
SIR01_sl250_mr15_nv10_6,0.636,0.326,0.431,0.632,0.279,0.387,0.632,0.279,0.387
SIR01_sl250_mr15_nv10_14,0.643,0.6,0.621,0.643,0.6,0.621,0.667,0.533,0.593
SIR003_sl1000_mr05_nv10_7,0.8,0.87,0.833,0.87,0.87,0.87,0.87,0.87,0.87
SIR01_sl250_mr15_nv10_20,0.571,0.571,0.571,0.5,0.571,0.533,0.571,0.571,0.571
SIR01_sl1000_mr3_nv10_3,0.895,0.85,0.872,0.7,0.7,0.7,0.7,0.7,0.7
SEIR015_sl250_mr025_nv10_14,0.56,0.56,0.56,0.636,0.56,0.596,0.652,0.6,0.625
SIR003_sl1000_mr05_nv5_6,1,0.364,0.533,0.556,0.455,0.5,0.556,0.455,0.5
SIR01_sl500_mr15_nv10_4,0.773,0.694,0.731,0.854,0.714,0.778,0.854,0.714,0.778
SIR01_sl1000_mr15_nv10_11,0.875,0.583,0.7,0.667,0.667,0.667,0.667,0.667,0.667
SEIR015_sl1000_mr0125_nv10_14,0.917,0.846,0.88,0.92,0.885,0.902,0.922,0.904,0.913
SEIR01_sl1000_mr05_nv10_13,0.875,0.875,0.875,0.875,0.875,0.875,0.875,0.875,0.875
SIR003_sl1000_mr05_nv10_11,0.7,0.6,0.646,0.676,0.657,0.667,0.657,0.657,0.657
SEIR01_sl250_mr025_nv10_16,0.632,0.522,0.571,0.59,0.5,0.541,0.59,0.5,0.541
SEIR01_sl250_mr025_nv10_2,0.8,0.857,0.828,0.647,0.786,0.71,0.733,0.786,0.759
SEIR01_sl1000_mr0125_nv10_8,0.833,0.833,0.833,0.714,0.833,0.769,0.833,0.833,0.833
SEIR01_sl1000_mr025_nv10_9,0.891,0.872,0.882,0.894,0.894,0.894,0.894,0.894,0.894
SIR003_sl500_mr05_nv10_7,0.625,0.556,0.588,0.6,0.5,0.545,0.562,0.5,0.529
SIR01_sl500_mr15_nv10_12,0.75,0.5,0.6,0.667,0.333,0.444,0.667,0.333,0.444
SIR01_sl1000_mr3_nv10_19,0.778,0.467,0.583,0.538,0.467,0.5,0.519,0.467,0.491
SIR01_sl1000_mr15_nv5_14,0.833,0.682,0.75,0.739,0.773,0.756,0.75,0.682,0.714
SEIR015_sl1000_mr025_nv5_8,0.895,0.739,0.81,0.8,0.87,0.833,0.8,0.87,0.833
SIR01_sl1000_mr075_nv10_9,0.818,0.667,0.735,0.773,0.63,0.694,0.773,0.63,0.694
SIR003_sl1000_mr05_nv10_5,0.622,0.5,0.554,0.585,0.522,0.552,0.561,0.5,0.529
SIR01_sl1000_mr075_nv10_11,0.778,1,0.875,0.75,0.857,0.8,0.75,0.857,0.8
SIR003_sl500_mr05_nv10_14,0.76,0.576,0.655,0.72,0.545,0.621,0.72,0.545,0.621
SEIR01_sl1000_mr0125_nv10_14,0.966,0.933,0.949,0.966,0.933,0.949,0.966,0.933,0.949
SIR01_sl1000_mr15_nv10_19,0.889,0.889,0.889,0.889,0.889,0.889,0.889,0.889,0.889
SIR01_sl250_mr15_nv10_3,0.75,0.643,0.692,0.692,0.643,0.667,0.75,0.643,0.692
SIR01_sl250_mr15_nv10_16,0.824,0.609,0.7,0.812,0.565,0.667,0.812,0.565,0.667
SIR01_sl1000_mr15_nv10_5,0.9,0.9,0.9,0.9,0.9,0.9,0.9,0.9,0.9
SEIR015_sl1000_mr025_nv5_11,0.933,0.596,0.727,0.976,0.851,0.909,0.975,0.83,0.897
SEIR015_sl1000_mr025_nv5_13,0.92,0.742,0.821,0.931,0.871,0.9,0.931,0.871,0.9
SIR01_sl1000_mr15_nv10_10,0.815,0.688,0.746,0.759,0.688,0.721,0.759,0.688,0.721
SIR01_sl250_mr15_nv10_2,0.875,0.778,0.824,0.778,0.778,0.778,0.875,0.778,0.824
SEIR015_sl1000_mr025_nv20_15,1,0.667,0.8,0.952,0.833,0.889,0.947,0.75,0.837
SEIR015_sl1000_mr025_nv10_2,0.864,0.679,0.76,0.889,0.857,0.873,0.875,0.875,0.875
SIR01_sl1000_mr15_nv10_12,0.722,0.542,0.619,0.722,0.542,0.619,0.714,0.625,0.667
SEIR015_sl1000_mr05_nv10_11,0.5,0.375,0.429,0.6,0.375,0.462,0.6,0.375,0.462
SIR01_sl1000_mr15_nv5_20,0.824,0.824,0.824,0.833,0.882,0.857,0.833,0.882,0.857
SEIR015_sl1000_mr05_nv10_12,0.727,1,0.842,0.727,1,0.842,0.727,1,0.842
SEIR015_sl1000_mr05_nv10_6,0.917,0.733,0.815,0.906,0.967,0.935,0.906,0.967,0.935
SEIR015_sl1000_mr0125_nv10_16,0.857,0.762,0.807,0.893,0.794,0.84,0.893,0.794,0.84
SIR01_sl1000_mr3_nv10_16,0.893,0.781,0.833,0.926,0.781,0.847,0.926,0.781,0.847
SEIR01_sl1000_mr025_nv5_18,0.925,0.787,0.851,0.913,0.894,0.903,0.913,0.894,0.903
SIR003_sl250_mr05_nv10_11,0.7,0.583,0.636,0.625,0.417,0.5,0.625,0.417,0.5
SIR01_sl1000_mr3_nv10_9,0.895,0.586,0.708,0.895,0.586,0.708,0.895,0.586,0.708
SEIR01_sl500_mr025_nv10_9,0.778,0.778,0.778,0.778,0.778,0.778,0.778,0.778,0.778
SEIR01_sl500_mr025_nv10_19,0.6,0.75,0.667,0.667,0.75,0.706,0.6,0.75,0.667
SIR003_sl1000_mr05_nv20_1,0.906,0.829,0.866,0.871,0.771,0.818,0.879,0.829,0.853
SEIR01_sl1000_mr025_nv5_8,0.913,0.913,0.913,0.87,0.87,0.87,0.87,0.87,0.87
SEIR01_sl500_mr025_nv10_6,0.904,0.887,0.895,0.911,0.962,0.936,0.895,0.962,0.927
SIR003_sl1000_mr025_nv10_19,0.72,0.75,0.735,0.68,0.708,0.694,0.68,0.708,0.694
SEIR015_sl1000_mr05_nv10_1,0.733,0.647,0.688,0.75,0.706,0.727,0.75,0.706,0.727
SIR003_sl1000_mr05_nv5_11,0.788,0.661,0.719,0.655,0.581,0.615,0.643,0.581,0.61
SIR01_sl500_mr15_nv10_11,0.778,0.824,0.8,0.722,0.765,0.743,0.722,0.765,0.743
SIR003_sl1000_mr05_nv5_14,0.81,0.586,0.68,0.654,0.586,0.618,0.63,0.586,0.607
SIR003_sl1000_mr025_nv10_2,0.895,0.895,0.895,0.75,0.789,0.769,0.739,0.895,0.81
SIR003_sl500_mr05_nv10_1,0.857,0.857,0.857,0.857,0.857,0.857,0.857,0.857,0.857
SEIR01_sl250_mr025_nv10_9,0.846,0.721,0.779,0.792,0.689,0.737,0.808,0.689,0.743
SIR003_sl1000_mr05_nv10_14,0.909,1,0.952,0.909,1,0.952,0.909,1,0.952
SIR003_sl250_mr05_nv10_19,0.455,0.2,0.278,0.444,0.16,0.235,0.444,0.16,0.235
SEIR015_sl1000_mr05_nv10_5,0.8,0.727,0.762,0.818,0.818,0.818,0.818,0.818,0.818
SEIR015_sl1000_mr025_nv20_2,0.957,0.88,0.917,0.958,0.92,0.939,0.958,0.92,0.939
SEIR01_sl1000_mr0125_nv10_4,0.909,0.833,0.87,0.826,0.792,0.809,0.826,0.792,0.809
SEIR015_sl1000_mr025_nv20_19,0.538,0.636,0.583,0.467,0.636,0.538,0.467,0.636,0.538
SEIR015_sl1000_mr025_nv20_16,0.867,0.867,0.867,0.9,0.9,0.9,0.9,0.9,0.9
SIR01_sl500_mr15_nv10_19,0.773,0.63,0.694,0.75,0.667,0.706,0.773,0.63,0.694
SEIR015_sl500_mr025_nv10_1,0.7,0.7,0.7,0.727,0.8,0.762,0.727,0.8,0.762
SIR003_sl1000_mr025_nv10_12,0.889,0.816,0.851,0.784,0.816,0.8,0.784,0.816,0.8
SIR003_sl1000_mr05_nv5_8,0.929,0.52,0.667,0.636,0.56,0.596,0.636,0.56,0.596
SIR01_sl250_mr15_nv10_19,0.714,0.714,0.714,0.75,0.857,0.8,0.714,0.714,0.714
SIR003_sl1000_mr05_nv10_4,0.833,0.769,0.8,0.769,0.769,0.769,0.786,0.846,0.815
SIR003_sl500_mr05_nv10_18,0.769,0.769,0.769,0.769,0.769,0.769,0.769,0.769,0.769
SIR01_sl1000_mr15_nv5_11,0.714,0.556,0.625,0.667,0.667,0.667,0.667,0.667,0.667
SIR01_sl1000_mr15_nv5_13,0.812,0.812,0.812,0.812,0.812,0.812,0.812,0.812,0.812
SEIR01_sl1000_mr0125_nv10_2,1,0.962,0.98,1,1,1,1,1,1
SIR01_sl1000_mr15_nv10_14,0.667,0.75,0.706,0.889,1,0.941,0.889,1,0.941
SIR003_sl500_mr05_nv10_11,0.8,0.667,0.727,0.667,0.667,0.667,0.8,0.667,0.727
SEIR015_sl1000_mr0125_nv10_18,0.778,0.7,0.737,0.889,0.8,0.842,0.889,0.8,0.842
SEIR01_sl500_mr025_nv10_2,0.714,0.625,0.667,0.75,0.75,0.75,0.75,0.75,0.75
SIR003_sl1000_mr1_nv10_6,0.88,0.733,0.8,0.7,0.7,0.7,0.7,0.7,0.7
SIR003_sl1000_mr05_nv5_5,0.889,0.727,0.8,1,0.636,0.778,1,0.636,0.778
SIR01_sl1000_mr15_nv20_19,0.872,0.804,0.837,0.898,0.863,0.88,0.88,0.863,0.871
SEIR01_sl1000_mr05_nv10_17,0.952,0.909,0.93,0.909,0.909,0.909,0.909,0.909,0.909
SIR003_sl1000_mr05_nv5_16,0.833,0.833,0.833,0.833,0.833,0.833,0.833,0.833,0.833
SIR01_sl1000_mr075_nv10_16,0.944,0.944,0.944,0.895,0.944,0.919,0.895,0.944,0.919
SEIR015_sl1000_mr025_nv10_17,0.875,0.737,0.8,0.892,0.868,0.88,0.892,0.868,0.88
SIR01_sl1000_mr15_nv10_16,0.75,0.857,0.8,0.714,0.714,0.714,0.714,0.714,0.714
SIR003_sl1000_mr05_nv20_18,0.824,0.737,0.778,0.811,0.789,0.8,0.811,0.789,0.8
SEIR015_sl1000_mr05_nv10_2,0.838,0.738,0.785,0.905,0.905,0.905,0.905,0.905,0.905
SEIR01_sl1000_mr025_nv20_8,0.6,0.6,0.6,0.6,0.6,0.6,0.6,0.6,0.6
SIR01_sl1000_mr15_nv20_3,1,0.6,0.75,0.6,0.6,0.6,0.6,0.6,0.6
SEIR015_sl1000_mr05_nv10_16,0.925,0.902,0.914,0.975,0.951,0.963,1,0.976,0.988
SIR01_sl1000_mr15_nv10_7,0.837,0.72,0.774,0.745,0.7,0.722,0.761,0.7,0.729
SIR003_sl1000_mr1_nv10_10,0.667,0.545,0.6,0.727,0.727,0.727,0.727,0.727,0.727
SIR01_sl1000_mr075_nv10_1,0.906,0.842,0.873,0.828,0.842,0.835,0.828,0.842,0.835
SIR01_sl1000_mr15_nv5_6,0.8,0.522,0.632,0.765,0.565,0.65,0.609,0.609,0.609
SEIR015_sl500_mr025_nv10_10,0.864,0.884,0.874,0.949,0.86,0.902,0.902,0.86,0.881
SEIR01_sl1000_mr025_nv20_1,0.875,0.875,0.875,0.8,0.875,0.836,0.8,0.875,0.836
SEIR015_sl1000_mr025_nv20_9,0.786,0.611,0.688,0.722,0.722,0.722,0.722,0.722,0.722
SEIR01_sl1000_mr025_nv10_14,0.882,0.882,0.882,0.882,0.882,0.882,0.882,0.882,0.882
SIR003_sl1000_mr05_nv20_12,0.784,0.727,0.755,0.812,0.709,0.757,0.812,0.709,0.757
SEIR01_sl1000_mr0125_nv10_15,0.955,0.875,0.913,0.958,0.958,0.958,0.958,0.958,0.958
SEIR015_sl1000_mr025_nv10_9,0.963,0.929,0.945,0.964,0.964,0.964,0.982,1,0.991
SIR01_sl1000_mr15_nv10_4,0.8,0.5,0.615,0.8,0.5,0.615,0.8,0.5,0.615
SEIR015_sl500_mr025_nv10_12,0.75,0.623,0.68,0.854,0.774,0.812,0.86,0.811,0.835
SEIR015_sl1000_mr025_nv10_12,1,0.4,0.571,1,0.5,0.667,1,0.5,0.667
SEIR01_sl1000_mr05_nv10_7,0.925,0.804,0.86,0.86,0.804,0.831,0.86,0.804,0.831
SIR01_sl1000_mr15_nv10_18,0.912,0.754,0.825,0.791,0.768,0.779,0.791,0.768,0.779
SIR003_sl1000_mr025_nv10_18,1,1,1,1,1,1,1,1,1
SIR01_sl1000_mr075_nv10_20,0.769,0.667,0.714,0.7,0.7,0.7,0.7,0.7,0.7
SIR01_sl250_mr15_nv10_9,0.333,0.3,0.316,0.286,0.2,0.235,0.286,0.2,0.235
SEIR01_sl1000_mr025_nv5_6,0.75,0.75,0.75,0.75,0.75,0.75,0.75,0.75,0.75
SEIR015_sl1000_mr025_nv10_18,0.824,0.757,0.789,0.879,0.784,0.829,0.879,0.784,0.829
SIR01_sl1000_mr075_nv10_10,1,0.875,0.933,1,1,1,1,1,1
SIR003_sl1000_mr05_nv5_2,0.667,0.667,0.667,0.667,0.667,0.667,0.667,0.667,0.667
SIR003_sl250_mr05_nv10_14,0.75,0.75,0.75,0.75,0.75,0.75,0.75,0.75,0.75
SEIR01_sl1000_mr05_nv10_16,0.955,0.955,0.955,0.955,0.955,0.955,0.955,0.955,0.955
SEIR01_sl1000_mr025_nv10_16,0.974,0.881,0.925,0.907,0.929,0.918,0.907,0.929,0.918
SIR01_sl1000_mr15_nv5_15,0.705,0.689,0.697,0.721,0.689,0.705,0.721,0.689,0.705
SEIR01_sl1000_mr0125_nv10_13,1,1,1,1,1,1,1,1,1
SIR003_sl1000_mr05_nv5_13,0.9,0.818,0.857,0.833,0.909,0.87,0.909,0.909,0.909
SIR003_sl1000_mr05_nv10_2,0.929,0.867,0.897,0.929,0.867,0.897,0.867,0.867,0.867
SIR003_sl500_mr05_nv10_16,0.7,0.583,0.636,0.643,0.75,0.692,0.615,0.667,0.64
SEIR01_sl1000_mr025_nv10_15,0.8,0.8,0.8,0.8,0.8,0.8,0.8,0.8,0.8
SEIR01_sl250_mr025_nv10_8,0.938,0.882,0.909,0.903,0.824,0.862,0.903,0.824,0.862
SEIR015_sl250_mr025_nv10_20,0.714,0.758,0.735,0.73,0.818,0.771,0.73,0.818,0.771
SEIR01_sl250_mr025_nv10_1,0.75,0.667,0.706,0.763,0.644,0.699,0.763,0.644,0.699
SIR003_sl1000_mr05_nv5_4,0.917,0.786,0.846,0.929,0.929,0.929,0.929,0.929,0.929
SEIR015_sl500_mr025_nv10_13,0.76,0.679,0.717,0.75,0.857,0.8,0.75,0.857,0.8
SIR003_sl1000_mr05_nv20_13,0.864,0.704,0.776,0.722,0.722,0.722,0.709,0.722,0.716
SEIR01_sl1000_mr0125_nv10_3,0.947,0.947,0.947,0.902,0.974,0.937,0.925,0.974,0.949
SIR003_sl1000_mr025_nv10_3,0.952,0.769,0.851,1,0.731,0.844,1,0.731,0.844
SEIR01_sl1000_mr025_nv5_3,0.818,0.9,0.857,0.8,0.8,0.8,0.818,0.9,0.857
SIR01_sl500_mr15_nv10_17,0.833,0.769,0.8,0.769,0.769,0.769,0.846,0.846,0.846
SIR01_sl1000_mr3_nv10_8,1,0.6,0.75,0.875,0.7,0.778,0.778,0.7,0.737
SEIR01_sl1000_mr0125_nv10_6,0.955,0.875,0.913,0.917,0.917,0.917,0.917,0.917,0.917
SIR01_sl1000_mr075_nv10_19,0.5,0.273,0.353,0.571,0.364,0.444,0.571,0.364,0.444
SIR01_sl500_mr15_nv10_13,0.714,0.714,0.714,0.714,0.714,0.714,0.714,0.714,0.714
SEIR01_sl1000_mr0125_nv10_10,0.92,0.852,0.885,0.926,0.926,0.926,0.926,0.926,0.926
SIR003_sl1000_mr1_nv10_13,0.333,0.333,0.333,0.333,0.333,0.333,0.333,0.333,0.333
SEIR01_sl1000_mr025_nv5_10,0.926,0.758,0.833,0.962,0.758,0.847,0.963,0.788,0.867
SIR003_sl1000_mr1_nv10_11,0.778,0.7,0.737,0.727,0.8,0.762,0.727,0.8,0.762
SIR003_sl1000_mr05_nv5_7,0.796,0.581,0.672,0.616,0.608,0.612,0.616,0.608,0.612
SIR01_sl1000_mr3_nv10_2,0.778,0.778,0.778,0.778,0.778,0.778,0.778,0.778,0.778
SEIR015_sl1000_mr0125_nv10_13,0.896,0.86,0.878,0.94,0.94,0.94,0.94,0.94,0.94
SIR003_sl1000_mr1_nv10_2,0.767,0.73,0.748,0.683,0.683,0.683,0.683,0.683,0.683
SEIR01_sl1000_mr025_nv20_6,0.917,1,0.957,0.917,1,0.957,0.917,1,0.957
SEIR015_sl1000_mr025_nv20_14,0.833,0.909,0.87,0.955,0.955,0.955,0.955,0.955,0.955
SEIR015_sl500_mr025_nv10_9,0.692,0.818,0.75,0.667,0.727,0.696,0.636,0.636,0.636
SIR01_sl1000_mr15_nv5_10,1,0.727,0.842,0.889,0.727,0.8,0.889,0.727,0.8
SEIR015_sl1000_mr025_nv10_19,0.882,0.789,0.833,0.895,0.895,0.895,0.944,0.895,0.919
SEIR01_sl500_mr025_nv10_7,0.857,0.882,0.87,0.861,0.912,0.886,0.861,0.912,0.886
SEIR015_sl1000_mr0125_nv10_10,0.875,0.737,0.8,1,0.789,0.882,1,0.789,0.882
SEIR015_sl1000_mr025_nv10_6,0.953,0.891,0.921,0.915,0.935,0.925,0.915,0.935,0.925
SIR01_sl1000_mr075_nv10_8,0.909,0.625,0.741,0.909,0.625,0.741,0.909,0.625,0.741
SEIR015_sl1000_mr025_nv10_4,0.884,0.864,0.874,0.872,0.932,0.901,0.872,0.932,0.901
SEIR01_sl1000_mr025_nv20_11,0.8,0.8,0.8,0.8,0.8,0.8,0.8,0.8,0.8
SIR003_sl1000_mr05_nv20_19,0.784,0.784,0.784,0.737,0.757,0.747,0.737,0.757,0.747
SEIR015_sl1000_mr025_nv5_7,0.739,0.654,0.694,0.815,0.846,0.83,0.846,0.846,0.846
SIR003_sl500_mr05_nv10_3,0.875,0.724,0.792,0.786,0.759,0.772,0.808,0.724,0.764
SEIR01_sl1000_mr05_nv10_18,0.879,0.911,0.895,0.912,0.929,0.92,0.912,0.929,0.92
SEIR01_sl1000_mr025_nv10_7,0.842,0.8,0.821,0.838,0.775,0.805,0.821,0.8,0.81
SIR01_sl1000_mr15_nv10_9,0.682,0.714,0.698,0.714,0.714,0.714,0.714,0.714,0.714
SEIR015_sl1000_mr025_nv10_20,0.857,0.75,0.8,0.75,0.75,0.75,0.8,1,0.889
SIR01_sl1000_mr15_nv10_8,1,0.6,0.75,0.8,0.8,0.8,0.8,0.8,0.8
SIR01_sl250_mr15_nv10_1,0.692,0.529,0.6,0.615,0.471,0.533,0.615,0.471,0.533
SIR01_sl1000_mr15_nv20_15,0.455,0.357,0.4,0.429,0.429,0.429,0.429,0.429,0.429
SEIR01_sl250_mr025_nv10_4,0.857,0.857,0.857,0.857,0.857,0.857,0.857,0.857,0.857
SIR01_sl1000_mr15_nv5_16,0.667,0.667,0.667,0.5,0.444,0.471,0.5,0.444,0.471
SEIR01_sl1000_mr0125_nv10_17,0.833,0.833,0.833,0.833,0.833,0.833,0.833,0.833,0.833
SIR003_sl1000_mr025_nv10_10,0.909,0.769,0.833,0.692,0.692,0.692,0.692,0.692,0.692
SEIR01_sl500_mr025_nv10_15,0.897,0.897,0.897,0.897,0.897,0.897,0.897,0.897,0.897
SEIR01_sl1000_mr05_nv10_10,0.857,0.857,0.857,0.857,0.857,0.857,0.857,0.857,0.857
SEIR01_sl500_mr025_nv10_4,0.75,0.857,0.8,0.75,0.857,0.8,0.75,0.857,0.8
SEIR015_sl1000_mr0125_nv10_12,0.818,0.643,0.72,0.833,0.714,0.769,0.833,0.714,0.769
SIR003_sl1000_mr05_nv20_17,0.814,0.7,0.753,0.686,0.7,0.693,0.686,0.7,0.693
SIR01_sl500_mr15_nv10_9,0.885,0.807,0.844,0.863,0.772,0.815,0.865,0.789,0.826
SIR003_sl1000_mr025_nv10_6,0.8,0.696,0.744,0.8,0.696,0.744,0.8,0.696,0.744
SIR01_sl1000_mr15_nv20_20,0.857,0.857,0.857,0.846,0.786,0.815,0.846,0.786,0.815
SEIR01_sl1000_mr05_nv10_12,0.911,0.879,0.895,0.911,0.879,0.895,0.911,0.879,0.895
SIR01_sl250_mr15_nv10_17,0.778,1,0.875,0.75,0.857,0.8,0.75,0.857,0.8
SIR003_sl1000_mr025_nv10_11,0.704,0.633,0.667,0.6,0.6,0.6,0.6,0.6,0.6
SIR01_sl1000_mr15_nv20_2,0.714,0.5,0.588,0.5,0.5,0.5,0.5,0.5,0.5
SIR003_sl1000_mr1_nv10_18,0.929,0.788,0.852,0.758,0.758,0.758,0.758,0.758,0.758
SEIR015_sl250_mr025_nv10_19,0.611,0.297,0.4,0.65,0.351,0.456,0.65,0.351,0.456
SIR01_sl250_mr15_nv10_5,0.571,0.444,0.5,0.714,0.556,0.625,0.714,0.556,0.625
SIR01_sl1000_mr15_nv10_2,0.846,0.846,0.846,1,0.769,0.87,1,0.769,0.87
SEIR015_sl250_mr025_nv10_13,0.846,0.688,0.759,0.846,0.688,0.759,0.846,0.688,0.759
SEIR015_sl500_mr025_nv10_8,0.868,0.687,0.767,0.926,0.746,0.826,0.917,0.821,0.866
SEIR01_sl1000_mr025_nv20_17,0.885,0.92,0.902,0.88,0.88,0.88,0.88,0.88,0.88
SIR003_sl1000_mr05_nv20_10,0.917,0.846,0.88,0.827,0.827,0.827,0.827,0.827,0.827
SIR01_sl1000_mr075_nv10_15,0.833,0.833,0.833,0.833,0.833,0.833,0.833,0.833,0.833
SIR01_sl1000_mr15_nv10_15,0.758,0.658,0.704,0.583,0.553,0.568,0.568,0.553,0.56
SEIR015_sl1000_mr05_nv10_7,0.667,0.615,0.64,0.692,0.692,0.692,0.667,0.615,0.64
SEIR015_sl1000_mr025_nv20_5,0.917,0.846,0.88,0.925,0.949,0.937,0.925,0.949,0.937
SIR01_sl1000_mr075_nv10_5,0.927,0.797,0.857,0.879,0.797,0.836,0.879,0.797,0.836
SIR003_sl250_mr05_nv10_1,0.739,0.531,0.618,0.708,0.531,0.607,0.708,0.531,0.607
SIR003_sl250_mr05_nv10_3,0.818,0.818,0.818,0.818,0.818,0.818,0.818,0.818,0.818
SIR003_sl1000_mr05_nv20_20,0.857,0.857,0.857,0.857,0.857,0.857,0.857,0.857,0.857
SEIR015_sl1000_mr025_nv10_10,0.8,0.727,0.762,0.909,0.909,0.909,0.909,0.909,0.909
SIR003_sl250_mr05_nv10_12,0.692,0.692,0.692,0.6,0.692,0.643,0.571,0.615,0.593
SIR01_sl250_mr15_nv10_8,0.714,0.556,0.625,0.75,0.667,0.706,0.75,0.667,0.706
SEIR01_sl1000_mr025_nv5_15,0.741,0.741,0.741,0.75,0.778,0.764,0.75,0.778,0.764
SIR003_sl1000_mr025_nv10_1,0.714,0.714,0.714,0.733,0.786,0.759,0.733,0.786,0.759
SEIR015_sl1000_mr05_nv10_3,0.873,0.857,0.865,0.857,0.857,0.857,0.857,0.857,0.857
SIR01_sl1000_mr15_nv20_11,0.864,0.864,0.864,0.845,0.831,0.838,0.845,0.831,0.838
SEIR01_sl500_mr025_nv10_1,0.7,0.7,0.7,0.5,0.5,0.5,0.625,0.5,0.556
SEIR015_sl1000_mr025_nv5_16,0.952,0.769,0.851,0.92,0.885,0.902,1,1,1
SEIR015_sl1000_mr025_nv20_17,0.923,0.857,0.889,0.981,0.929,0.954,0.963,0.929,0.945
SIR01_sl1000_mr3_nv10_10,1,0.778,0.875,1,0.778,0.875,1,0.778,0.875
SEIR015_sl500_mr025_nv10_14,0.889,0.889,0.889,0.8,0.889,0.842,0.8,0.889,0.842
SEIR01_sl1000_mr025_nv5_7,1,1,1,1,1,1,1,1,1
SEIR01_sl1000_mr05_nv10_19,0.833,0.714,0.769,0.833,0.714,0.769,0.833,0.714,0.769
SIR003_sl1000_mr1_nv10_3,0.833,0.87,0.851,0.826,0.826,0.826,0.826,0.826,0.826
SEIR015_sl250_mr025_nv10_15,0.683,0.571,0.622,0.644,0.592,0.617,0.644,0.592,0.617
SEIR01_sl500_mr025_nv10_20,0.786,0.688,0.733,0.719,0.719,0.719,0.719,0.719,0.719
SIR01_sl1000_mr15_nv10_17,0.882,0.75,0.811,0.933,0.7,0.8,0.933,0.7,0.8
SEIR01_sl1000_mr025_nv20_20,0.839,0.839,0.839,0.871,0.871,0.871,0.871,0.871,0.871
SEIR015_sl250_mr025_nv10_17,0.167,0.083,0.111,0,0,0,0,0,0
SEIR01_sl1000_mr025_nv5_9,0.889,0.889,0.889,0.875,0.778,0.824,0.875,0.778,0.824
SEIR01_sl1000_mr025_nv10_8,0.88,0.815,0.846,0.815,0.815,0.815,0.815,0.815,0.815
SIR01_sl1000_mr15_nv20_16,0.9,0.857,0.878,0.773,0.81,0.791,0.773,0.81,0.791
SEIR015_sl1000_mr0125_nv10_1,0.932,0.753,0.833,0.973,0.986,0.98,0.973,0.986,0.98
SEIR01_sl500_mr025_nv10_16,0.688,0.733,0.71,0.647,0.733,0.688,0.647,0.733,0.688
SEIR015_sl1000_mr025_nv10_16,0.929,0.929,0.929,0.933,1,0.966,0.933,1,0.966
SIR003_sl250_mr05_nv10_20,0.676,0.561,0.613,0.656,0.512,0.575,0.656,0.512,0.575
SEIR015_sl1000_mr025_nv10_11,0.896,0.768,0.827,0.947,0.964,0.956,0.947,0.964,0.956
SIR003_sl1000_mr05_nv20_6,0.8,0.857,0.828,0.8,0.857,0.828,0.8,0.857,0.828
SIR003_sl1000_mr05_nv10_18,0.81,0.739,0.773,0.739,0.739,0.739,0.739,0.739,0.739
SEIR015_sl1000_mr05_nv10_4,0.781,0.781,0.781,0.8,0.875,0.836,0.778,0.875,0.824
SIR01_sl1000_mr15_nv20_8,0.93,0.833,0.879,0.884,0.792,0.835,0.907,0.812,0.857
SIR01_sl1000_mr3_nv10_20,0.667,0.667,0.667,0.667,0.667,0.667,0.667,0.667,0.667
SIR01_sl1000_mr15_nv20_18,0.964,0.9,0.931,0.903,0.933,0.918,0.903,0.933,0.918
SIR003_sl1000_mr025_nv10_20,0.778,0.778,0.778,0.778,0.778,0.778,0.778,0.778,0.778
SEIR015_sl1000_mr025_nv5_3,0.737,0.519,0.609,0.8,0.593,0.681,0.81,0.63,0.708
SEIR01_sl1000_mr025_nv10_1,0.962,0.893,0.926,0.929,0.929,0.929,0.929,0.929,0.929
SEIR01_sl1000_mr0125_nv10_7,0.974,0.949,0.961,0.949,0.949,0.949,0.949,0.949,0.949
SIR01_sl1000_mr15_nv5_1,0.85,0.607,0.708,0.81,0.607,0.694,0.85,0.607,0.708
SIR01_sl1000_mr075_nv10_3,0.714,0.455,0.556,0.545,0.545,0.545,0.545,0.545,0.545
SEIR01_sl1000_mr025_nv5_2,0.765,0.812,0.788,0.778,0.875,0.824,0.765,0.812,0.788
SIR01_sl1000_mr15_nv20_13,0.833,0.833,0.833,0.833,0.833,0.833,0.833,0.833,0.833
SIR003_sl1000_mr1_nv10_16,0.769,0.5,0.606,0.7,0.7,0.7,0.684,0.65,0.667
SEIR01_sl1000_mr025_nv10_20,0.824,0.824,0.824,0.833,0.882,0.857,0.833,0.882,0.857
SIR003_sl1000_mr025_nv10_4,0.839,0.839,0.839,0.781,0.806,0.794,0.781,0.806,0.794
SEIR015_sl1000_mr025_nv5_15,0.808,0.646,0.718,0.875,0.754,0.81,0.852,0.708,0.773
SIR003_sl500_mr05_nv10_5,0.889,0.8,0.842,1,0.8,0.889,1,0.8,0.889
SEIR01_sl1000_mr05_nv10_6,0.9,0.9,0.9,0.892,0.825,0.857,0.892,0.825,0.857
SEIR01_sl250_mr025_nv10_19,0.917,0.917,0.917,0.923,1,0.96,1,0.917,0.957
SEIR015_sl500_mr025_nv10_19,0.909,1,0.952,0.909,1,0.952,0.909,1,0.952
SEIR015_sl1000_mr025_nv5_20,0.824,0.683,0.747,0.872,0.829,0.85,1,0.829,0.907
SIR01_sl1000_mr075_nv10_14,0.625,0.714,0.667,0.714,0.714,0.714,0.714,0.714,0.714
SIR003_sl1000_mr05_nv20_2,0.814,0.714,0.761,0.714,0.714,0.714,0.714,0.714,0.714
SIR01_sl500_mr15_nv10_3,0.833,0.789,0.811,0.75,0.789,0.769,0.75,0.789,0.769
SEIR01_sl500_mr025_nv10_18,0.5,0.5,0.5,0.5,0.5,0.5,0.5,0.5,0.5
SEIR015_sl250_mr025_nv10_7,1,0.375,0.545,1,0.25,0.4,1,0.25,0.4
SIR003_sl1000_mr1_nv10_17,0.889,0.75,0.814,0.913,0.656,0.764,0.833,0.781,0.806
SEIR01_sl500_mr025_nv10_14,0.8,0.667,0.727,0.667,0.667,0.667,0.667,0.667,0.667
SIR003_sl1000_mr1_nv10_9,0.7,0.778,0.737,1,0.667,0.8,1,0.667,0.8
SEIR01_sl1000_mr025_nv10_6,0.75,0.857,0.8,0.75,0.857,0.8,0.75,0.857,0.8
SIR003_sl1000_mr1_nv10_8,0.844,0.771,0.806,0.771,0.771,0.771,0.771,0.771,0.771
SEIR01_sl1000_mr025_nv20_3,0.833,0.952,0.889,0.909,0.952,0.93,0.909,0.952,0.93
SEIR015_sl1000_mr0125_nv10_9,0.588,0.476,0.526,0.55,0.524,0.537,0.579,0.524,0.55
SIR003_sl250_mr05_nv10_6,0.88,0.667,0.759,0.88,0.667,0.759,0.875,0.636,0.737
SEIR015_sl1000_mr025_nv20_3,0.955,0.636,0.764,0.946,0.803,0.869,0.949,0.848,0.896
SEIR01_sl1000_mr025_nv5_5,0.8,0.627,0.703,0.755,0.784,0.769,0.755,0.784,0.769
SEIR015_sl1000_mr025_nv10_1,0.9,0.9,0.9,0.9,0.9,0.9,1,1,1
SEIR01_sl250_mr025_nv10_18,0.774,0.75,0.762,0.758,0.781,0.769,0.758,0.781,0.769
SIR01_sl250_mr15_nv10_10,0.688,0.589,0.635,0.688,0.589,0.635,0.688,0.589,0.635
SEIR015_sl1000_mr025_nv10_7,0.889,0.889,0.889,0.889,0.889,0.889,0.889,0.889,0.889
SIR003_sl1000_mr1_nv10_4,0.893,0.862,0.877,0.828,0.828,0.828,0.828,0.828,0.828
SIR003_sl500_mr05_nv10_9,0.833,0.714,0.769,0.8,0.571,0.667,0.833,0.714,0.769
SIR003_sl250_mr05_nv10_13,0.2,0.143,0.167,0.25,0.143,0.182,0.25,0.143,0.182
SEIR015_sl250_mr025_nv10_1,0.933,0.824,0.875,0.824,0.824,0.824,0.824,0.824,0.824
SIR003_sl1000_mr025_nv10_8,0.867,0.867,0.867,0.867,0.867,0.867,0.867,0.867,0.867
SIR003_sl1000_mr1_nv10_12,0.727,0.593,0.653,0.692,0.667,0.679,0.692,0.667,0.679
SIR01_sl1000_mr15_nv10_13,0.909,0.588,0.714,1,0.588,0.741,1,0.588,0.741
SIR003_sl1000_mr05_nv10_9,0.882,0.5,0.638,0.714,0.5,0.588,0.714,0.5,0.588
SEIR01_sl1000_mr025_nv20_15,0.913,0.913,0.913,0.913,0.913,0.913,0.913,0.913,0.913
SIR01_sl1000_mr075_nv10_4,0.889,0.842,0.865,0.868,0.868,0.868,0.868,0.868,0.868
SIR003_sl1000_mr05_nv20_5,0.842,0.667,0.744,0.739,0.708,0.723,0.739,0.708,0.723
SIR01_sl1000_mr075_nv10_2,0.875,0.636,0.737,0.727,0.727,0.727,0.727,0.727,0.727
SEIR015_sl1000_mr05_nv10_18,0.973,0.878,0.923,0.857,0.878,0.867,0.857,0.878,0.867
SIR01_sl1000_mr15_nv5_7,0.667,0.5,0.571,0.385,0.625,0.476,0.385,0.625,0.476
SIR01_sl1000_mr075_nv10_13,0.818,0.643,0.72,0.643,0.643,0.643,0.643,0.643,0.643
SEIR015_sl1000_mr0125_nv10_6,0.92,0.657,0.767,0.882,0.857,0.87,0.857,0.857,0.857
SEIR015_sl1000_mr0125_nv10_20,0.921,0.854,0.886,0.875,0.854,0.864,0.875,0.854,0.864
SIR01_sl1000_mr075_nv10_6,0.75,0.75,0.75,0.75,0.75,0.75,0.75,0.75,0.75
SIR01_sl1000_mr3_nv10_17,0.778,0.7,0.737,0.857,0.6,0.706,0.778,0.7,0.737
SEIR01_sl1000_mr025_nv20_10,0.636,0.778,0.7,0.667,0.667,0.667,0.667,0.667,0.667
SIR003_sl1000_mr05_nv5_10,0.886,0.756,0.816,0.821,0.78,0.8,0.821,0.78,0.8
SEIR01_sl1000_mr05_nv10_15,0.875,0.875,0.875,0.875,0.875,0.875,0.875,0.875,0.875
SEIR01_sl1000_mr025_nv10_4,0.941,0.923,0.932,0.943,0.962,0.952,0.943,0.962,0.952
SIR01_sl1000_mr3_nv10_18,0.9,0.75,0.818,0.792,0.792,0.792,0.792,0.792,0.792
SEIR01_sl1000_mr025_nv20_16,0.667,0.857,0.75,0.6,0.857,0.706,0.6,0.857,0.706
SIR01_sl250_mr15_nv10_11,0.647,0.458,0.537,0.588,0.417,0.488,0.588,0.417,0.488
SEIR01_sl250_mr025_nv10_7,0.75,0.857,0.8,0.75,0.857,0.8,0.75,0.857,0.8
SEIR015_sl1000_mr025_nv10_15,0.852,0.397,0.541,1,0.483,0.651,0.971,0.586,0.731
SEIR01_sl500_mr025_nv10_8,0.75,0.938,0.833,0.8,1,0.889,0.8,1,0.889
SEIR01_sl1000_mr0125_nv10_16,0.857,0.857,0.857,0.857,0.857,0.857,0.857,0.857,0.857
SEIR015_sl1000_mr0125_nv10_11,0.833,0.769,0.8,0.769,0.769,0.769,0.846,0.846,0.846
SEIR01_sl1000_mr0125_nv10_1,0.824,0.778,0.8,0.812,0.722,0.765,0.824,0.778,0.8
SIR003_sl1000_mr1_nv10_1,0.765,0.765,0.765,0.737,0.824,0.778,0.737,0.824,0.778
SIR003_sl500_mr05_nv10_15,0.933,0.737,0.824,0.933,0.737,0.824,0.933,0.737,0.824
SEIR01_sl250_mr025_nv10_6,0.609,0.636,0.622,0.625,0.682,0.652,0.652,0.682,0.667
SEIR01_sl250_mr025_nv10_3,0.778,0.778,0.778,0.786,0.815,0.8,0.778,0.778,0.778
SEIR01_sl1000_mr025_nv5_1,0.853,0.707,0.773,0.805,0.805,0.805,0.805,0.805,0.805
SEIR015_sl1000_mr05_nv10_17,0.887,0.797,0.84,0.926,0.913,0.92,0.913,0.913,0.913
SIR003_sl250_mr05_nv10_17,0.744,0.644,0.69,0.65,0.578,0.612,0.65,0.578,0.612
SIR003_sl1000_mr05_nv20_15,0.938,0.789,0.857,0.867,0.684,0.765,0.867,0.684,0.765
SEIR01_sl250_mr025_nv10_13,0.333,0.333,0.333,0.4,0.333,0.364,0.333,0.333,0.333
SEIR015_sl1000_mr05_nv10_13,0.945,0.852,0.897,0.968,0.984,0.976,0.968,0.984,0.976
SEIR015_sl1000_mr025_nv5_6,0.8,0.387,0.522,0.9,0.435,0.587,0.9,0.435,0.587
SIR01_sl1000_mr3_nv10_6,0.8,0.667,0.727,0.618,0.63,0.624,0.63,0.63,0.63
SEIR01_sl250_mr025_nv10_15,0.7,1,0.824,0.625,0.714,0.667,0.625,0.714,0.667
SEIR015_sl1000_mr025_nv10_8,0.941,0.8,0.865,0.895,0.85,0.872,0.895,0.85,0.872
SEIR015_sl1000_mr05_nv10_10,0.857,0.667,0.75,0.778,0.778,0.778,0.889,0.889,0.889
SEIR015_sl1000_mr025_nv10_13,0.5,0.2,0.286,0.333,0.2,0.25,0.286,0.2,0.235
SEIR015_sl1000_mr0125_nv10_4,0.8,0.8,0.8,0.8,0.8,0.8,0.8,0.8,0.8
SIR01_sl250_mr15_nv10_13,0.667,0.615,0.64,0.692,0.692,0.692,0.692,0.692,0.692
SEIR015_sl1000_mr05_nv10_19,0.875,0.875,0.875,0.938,0.938,0.938,0.939,0.969,0.954
SEIR01_sl1000_mr0125_nv10_18,0.907,0.867,0.886,0.894,0.933,0.913,0.875,0.933,0.903
SEIR01_sl1000_mr025_nv20_9,0.923,1,0.96,0.923,1,0.96,0.923,1,0.96
SEIR01_sl250_mr025_nv10_12,0.783,0.837,0.809,0.822,0.86,0.841,0.804,0.86,0.831
SIR003_sl500_mr05_nv10_17,0.8,0.8,0.8,0.8,0.8,0.8,0.8,0.8,0.8
SIR01_sl250_mr15_nv10_7,0.655,0.463,0.543,0.63,0.415,0.5,0.654,0.415,0.507
SEIR015_sl1000_mr05_nv10_9,0.857,0.8,0.828,0.75,0.8,0.774,0.857,0.8,0.828
SIR003_sl250_mr05_nv10_15,0.857,0.75,0.8,0.875,0.875,0.875,0.875,0.875,0.875
SEIR01_sl1000_mr025_nv20_7,0.882,0.882,0.882,0.882,0.882,0.882,0.882,0.882,0.882
SEIR015_sl1000_mr025_nv5_4,0.914,0.64,0.753,0.929,0.78,0.848,0.93,0.8,0.86
SIR003_sl250_mr05_nv10_2,0.923,0.857,0.889,0.917,0.786,0.846,0.917,0.786,0.846
SEIR015_sl1000_mr0125_nv10_8,0.833,0.833,0.833,0.85,0.944,0.895,0.85,0.944,0.895
SIR003_sl1000_mr05_nv10_16,0.75,0.72,0.735,0.64,0.64,0.64,0.64,0.64,0.64
SEIR01_sl1000_mr025_nv10_12,0.75,0.75,0.75,0.75,0.75,0.75,0.75,0.75,0.75
SIR003_sl250_mr05_nv10_9,0.6,0.667,0.632,0.556,0.556,0.556,0.556,0.556,0.556
SIR01_sl1000_mr3_nv10_1,0.815,0.733,0.772,0.733,0.733,0.733,0.733,0.733,0.733
SIR003_sl1000_mr025_nv10_17,0.818,0.783,0.8,0.864,0.826,0.844,0.864,0.826,0.844
SEIR015_sl250_mr025_nv10_11,0.593,0.471,0.525,0.613,0.559,0.585,0.613,0.559,0.585
SIR003_sl1000_mr025_nv10_13,0.571,0.364,0.444,0.545,0.545,0.545,0.545,0.545,0.545
SEIR01_sl1000_mr025_nv20_18,0.885,0.885,0.885,0.885,0.885,0.885,0.885,0.885,0.885
SEIR015_sl500_mr025_nv10_6,0.556,0.526,0.541,0.579,0.579,0.579,0.579,0.579,0.579
SEIR015_sl1000_mr0125_nv10_2,0.846,0.688,0.759,0.938,0.938,0.938,0.938,0.938,0.938
SIR003_sl1000_mr05_nv20_9,0.846,0.825,0.835,0.821,0.8,0.81,0.821,0.8,0.81
SIR01_sl250_mr15_nv10_15,0.286,0.25,0.267,0.333,0.25,0.286,0.286,0.25,0.267
SEIR01_sl1000_mr025_nv20_14,0.857,0.923,0.889,0.923,0.923,0.923,0.923,0.923,0.923
SIR01_sl1000_mr15_nv20_9,0.909,0.769,0.833,0.909,0.769,0.833,0.913,0.808,0.857
SEIR01_sl1000_mr025_nv20_5,0.8,0.848,0.824,0.824,0.848,0.836,0.824,0.848,0.836
SEIR01_sl1000_mr0125_nv10_5,0.956,0.915,0.935,0.911,0.872,0.891,0.932,0.872,0.901
SEIR015_sl1000_mr0125_nv10_17,0.875,0.808,0.84,0.857,0.923,0.889,0.857,0.923,0.889
SEIR01_sl1000_mr025_nv10_18,0.8,0.889,0.842,0.8,0.889,0.842,0.8,0.889,0.842
SIR003_sl1000_mr1_nv10_7,1,0.625,0.769,0.75,0.75,0.75,0.75,0.75,0.75
SEIR01_sl1000_mr0125_nv10_11,0.929,1,0.963,0.867,1,0.929,0.929,1,0.963
SEIR015_sl1000_mr025_nv20_10,0.667,0.667,0.667,0.636,0.778,0.7,0.7,0.778,0.737
SEIR01_sl1000_mr05_nv10_1,0.923,0.923,0.923,0.923,0.923,0.923,0.923,0.923,0.923
SIR01_sl1000_mr15_nv20_4,0.897,0.754,0.819,0.855,0.768,0.809,0.855,0.768,0.809
SIR01_sl1000_mr15_nv5_2,0.8,0.571,0.667,0.767,0.657,0.708,0.629,0.629,0.629
SEIR01_sl1000_mr025_nv20_4,0.75,0.75,0.75,0.75,0.75,0.75,0.75,0.75,0.75
SEIR01_sl1000_mr05_nv10_9,0.958,0.885,0.92,0.962,0.962,0.962,0.962,0.962,0.962
SIR01_sl1000_mr15_nv20_6,0.875,0.875,0.875,0.875,0.875,0.875,0.875,0.875,0.875
SEIR01_sl1000_mr025_nv5_16,1,0.944,0.971,1,0.944,0.971,1,0.944,0.971
SIR003_sl1000_mr05_nv10_6,0.762,0.762,0.762,0.7,0.667,0.683,0.7,0.667,0.683
SIR01_sl1000_mr15_nv20_17,0.917,0.786,0.846,0.917,0.786,0.846,0.786,0.786,0.786
SIR003_sl1000_mr05_nv10_15,0.923,0.923,0.923,0.923,0.923,0.923,0.923,0.923,0.923
SEIR01_sl1000_mr05_nv10_8,0.875,0.875,0.875,0.875,0.875,0.875,0.875,0.875,0.875
SIR003_sl1000_mr05_nv10_1,0.867,0.765,0.812,0.8,0.706,0.75,0.8,0.706,0.75
SEIR015_sl1000_mr025_nv20_18,0.781,0.641,0.704,0.806,0.744,0.773,0.725,0.744,0.734
SEIR01_sl1000_mr05_nv10_5,0.889,0.889,0.889,0.889,0.889,0.889,0.889,0.889,0.889
SEIR015_sl1000_mr025_nv5_17,0.917,0.805,0.857,0.902,0.902,0.902,0.902,0.902,0.902
SEIR01_sl250_mr025_nv10_14,0.789,0.652,0.714,0.721,0.674,0.697,0.721,0.674,0.697
SIR003_sl500_mr05_nv10_4,0.857,0.692,0.766,0.85,0.654,0.739,0.85,0.654,0.739
SIR003_sl1000_mr025_nv10_9,0.783,0.643,0.706,0.667,0.643,0.655,0.679,0.679,0.679
SIR01_sl500_mr15_nv10_1,1,1,1,0.8,0.8,0.8,1,1,1
SEIR015_sl500_mr025_nv10_15,0.855,0.81,0.832,0.897,0.897,0.897,0.897,0.897,0.897
SIR003_sl1000_mr05_nv10_8,0.814,0.761,0.787,0.778,0.761,0.769,0.778,0.761,0.769
SIR003_sl1000_mr1_nv10_15,0.667,0.727,0.696,0.667,0.727,0.696,0.667,0.727,0.696
SEIR01_sl1000_mr025_nv10_5,0.952,0.909,0.93,0.953,0.932,0.943,0.953,0.932,0.943
SIR003_sl1000_mr05_nv20_11,0.5,0.6,0.545,1,0.4,0.571,1,0.4,0.571
SEIR01_sl1000_mr025_nv5_11,0.938,0.789,0.857,0.938,0.789,0.857,0.938,0.789,0.857
SIR01_sl250_mr15_nv10_18,0.565,0.65,0.605,0.545,0.6,0.571,0.545,0.6,0.571
SEIR01_sl1000_mr05_nv10_3,0.913,0.84,0.875,0.885,0.92,0.902,0.885,0.92,0.902
SIR01_sl1000_mr3_nv10_12,0.893,0.735,0.806,0.727,0.706,0.716,0.8,0.706,0.75
SIR01_sl1000_mr075_nv10_12,0.867,0.867,0.867,0.867,0.867,0.867,0.867,0.867,0.867
SEIR01_sl500_mr025_nv10_11,0.737,0.824,0.778,0.737,0.824,0.778,0.737,0.824,0.778
SIR003_sl250_mr05_nv10_18,0.611,0.407,0.489,0.55,0.407,0.468,0.55,0.407,0.468
SIR003_sl1000_mr05_nv10_12,0.865,0.818,0.841,0.815,0.8,0.807,0.815,0.8,0.807
SIR003_sl1000_mr05_nv5_15,0.873,0.774,0.821,0.812,0.839,0.825,0.812,0.839,0.825
SIR003_sl1000_mr025_nv10_16,0.706,0.706,0.706,0.647,0.647,0.647,0.647,0.647,0.647
SEIR01_sl1000_mr0125_nv10_20,0.923,0.96,0.941,0.923,0.96,0.941,0.923,0.96,0.941
SIR01_sl500_mr15_nv10_10,0.636,0.538,0.583,0.538,0.538,0.538,0.538,0.538,0.538
SIR003_sl250_mr05_nv10_7,0.613,0.413,0.494,0.533,0.348,0.421,0.5,0.348,0.41
SEIR01_sl1000_mr025_nv5_17,0.909,0.909,0.909,0.909,0.909,0.909,0.909,0.909,0.909
SEIR01_sl500_mr025_nv10_17,0.571,0.667,0.615,0.571,0.667,0.615,0.571,0.667,0.615
SIR003_sl1000_mr05_nv10_10,0.846,0.846,0.846,0.846,0.846,0.846,0.846,0.846,0.846
SIR003_sl1000_mr05_nv5_3,0.778,0.875,0.824,0.667,0.75,0.706,0.75,0.75,0.75
SEIR015_sl1000_mr025_nv10_5,0.851,0.833,0.842,0.878,0.896,0.887,0.878,0.896,0.887
SEIR01_sl1000_mr025_nv10_19,0.857,0.814,0.835,0.847,0.847,0.847,0.833,0.847,0.84
SEIR01_sl1000_mr025_nv10_3,0.915,0.878,0.896,0.898,0.898,0.898,0.898,0.898,0.898
SIR003_sl1000_mr025_nv10_15,0.789,0.625,0.698,0.72,0.75,0.735,0.708,0.708,0.708
SIR003_sl1000_mr05_nv20_7,0.714,0.833,0.769,0.769,0.833,0.8,0.769,0.833,0.8
SEIR015_sl1000_mr025_nv20_20,0.647,0.579,0.611,0.684,0.684,0.684,0.684,0.684,0.684
SEIR01_sl1000_mr05_nv10_4,0.75,0.818,0.783,0.692,0.818,0.75,0.692,0.818,0.75
SEIR015_sl1000_mr025_nv10_14,0.741,0.8,0.769,0.724,0.84,0.778,0.724,0.84,0.778
SEIR015_sl1000_mr025_nv20_8,0.889,0.716,0.793,0.963,0.776,0.86,0.963,0.776,0.86
SEIR015_sl1000_mr0125_nv10_5,0.75,0.412,0.532,0.939,0.902,0.92,0.939,0.902,0.92
SEIR015_sl500_mr025_nv10_4,0.824,0.683,0.747,0.824,0.683,0.747,0.806,0.707,0.753
SIR01_sl1000_mr15_nv5_18,1,0.778,0.875,0.778,0.778,0.778,0.778,0.778,0.778
SEIR015_sl1000_mr05_nv10_20,0.571,0.293,0.387,0.885,0.561,0.687,0.917,0.537,0.677
SIR003_sl1000_mr05_nv10_20,0.667,0.444,0.533,0.5,0.444,0.471,0.5,0.444,0.471
SEIR01_sl1000_mr025_nv5_4,0.867,0.78,0.821,0.776,0.76,0.768,0.78,0.78,0.78
SIR003_sl1000_mr1_nv10_14,0.875,0.778,0.824,0.778,0.778,0.778,0.778,0.778,0.778
SEIR015_sl1000_mr025_nv5_19,0.833,0.455,0.588,0.857,0.545,0.667,0.857,0.545,0.667
SEIR01_sl1000_mr025_nv5_19,0.966,0.966,0.966,0.966,0.966,0.966,0.966,0.966,0.966
SEIR015_sl500_mr025_nv10_5,0.867,0.929,0.897,0.867,0.929,0.897,0.867,0.929,0.897
SEIR015_sl1000_mr05_nv10_8,0.867,0.722,0.788,0.838,0.861,0.849,0.838,0.861,0.849
SIR01_sl1000_mr15_nv10_1,0.796,0.619,0.696,0.818,0.571,0.673,0.822,0.587,0.685
SIR003_sl1000_mr1_nv10_19,0.788,0.641,0.707,0.714,0.625,0.667,0.714,0.625,0.667
SIR003_sl1000_mr05_nv20_8,0.708,0.63,0.667,0.692,0.667,0.679,0.667,0.667,0.667
SEIR01_sl500_mr025_nv10_13,0.778,0.7,0.737,0.833,0.75,0.789,0.833,0.75,0.789
SEIR01_sl1000_mr0125_nv10_19,0.964,0.9,0.931,0.929,0.867,0.897,0.929,0.867,0.897
SIR003_sl500_mr05_nv10_20,0.75,0.75,0.75,0.75,0.75,0.75,0.75,0.75,0.75
SIR003_sl1000_mr05_nv10_19,0.821,0.865,0.842,0.757,0.757,0.757,0.757,0.757,0.757
SIR003_sl500_mr05_nv10_13,0.804,0.771,0.787,0.825,0.688,0.75,0.825,0.688,0.75
SIR01_sl1000_mr15_nv20_10,0.769,0.769,0.769,0.769,0.769,0.769,0.769,0.769,0.769
SEIR015_sl1000_mr025_nv5_12,0.5,0.364,0.421,0.636,0.636,0.636,0.636,0.636,0.636
SIR003_sl1000_mr05_nv20_16,0.842,0.744,0.79,0.705,0.721,0.713,0.705,0.721,0.713
SEIR01_sl1000_mr025_nv20_19,0.943,0.943,0.943,0.943,0.943,0.943,0.943,0.943,0.943
SIR01_sl250_mr15_nv10_12,0.722,0.684,0.703,0.722,0.684,0.703,0.765,0.684,0.722
SIR01_sl1000_mr15_nv20_1,0.788,0.812,0.8,0.774,0.75,0.762,0.774,0.75,0.762
SEIR015_sl1000_mr025_nv5_10,0.9,0.5,0.643,0.85,0.472,0.607,0.85,0.472,0.607
SEIR01_sl250_mr025_nv10_10,0.737,0.824,0.778,0.737,0.824,0.778,0.737,0.824,0.778
SEIR01_sl1000_mr025_nv20_2,0.886,0.929,0.907,0.907,0.929,0.918,0.907,0.929,0.918
SIR01_sl1000_mr15_nv10_3,0.852,0.78,0.814,0.87,0.797,0.832,0.87,0.797,0.832
SEIR01_sl1000_mr025_nv10_2,0.909,0.909,0.909,0.909,0.909,0.909,0.909,0.909,0.909
SEIR01_sl1000_mr025_nv10_10,0.778,0.778,0.778,0.778,0.778,0.778,0.778,0.778,0.778
SIR01_sl1000_mr15_nv20_14,0.4,0.4,0.4,0.5,0.4,0.444,0.4,0.4,0.4
SIR01_sl1000_mr15_nv5_3,0.571,0.444,0.5,0.556,0.556,0.556,0.556,0.556,0.556
SEIR015_sl1000_mr025_nv20_13,0.692,1,0.818,0.75,1,0.857,0.75,1,0.857
SIR003_sl500_mr05_nv10_2,0.848,0.824,0.836,0.788,0.765,0.776,0.788,0.765,0.776
SIR003_sl500_mr05_nv10_19,0.719,0.683,0.701,0.685,0.617,0.649,0.69,0.667,0.678
SIR003_sl1000_mr05_nv5_1,0.765,0.743,0.754,0.649,0.686,0.667,0.649,0.686,0.667
SIR01_sl500_mr15_nv10_16,0.727,0.8,0.762,0.727,0.8,0.762,0.727,0.8,0.762
SEIR01_sl1000_mr05_nv10_2,0.889,1,0.941,0.889,1,0.941,0.889,1,0.941
SIR01_sl1000_mr3_nv10_11,0.911,0.719,0.804,0.884,0.667,0.76,0.884,0.667,0.76
SIR01_sl1000_mr15_nv5_4,0.929,0.52,0.667,0.609,0.56,0.583,0.609,0.56,0.583
SIR003_sl1000_mr05_nv20_14,0.909,1,0.952,0.909,1,0.952,0.909,1,0.952
SIR01_sl250_mr15_nv10_4,0.7,0.583,0.636,0.7,0.583,0.636,0.7,0.583,0.636
SEIR015_sl250_mr025_nv10_8,0.87,0.741,0.8,0.826,0.704,0.76,0.864,0.704,0.776
SIR003_sl1000_mr025_nv10_14,0.867,0.867,0.867,0.867,0.867,0.867,0.867,0.867,0.867
SEIR015_sl500_mr025_nv10_16,0.833,0.833,0.833,0.833,0.833,0.833,0.833,0.833,0.833
SEIR01_sl1000_mr025_nv5_12,0.778,0.737,0.757,0.882,0.789,0.833,0.882,0.789,0.833
SIR01_sl1000_mr3_nv10_7,0.778,0.609,0.683,0.714,0.652,0.682,0.714,0.652,0.682
SEIR015_sl1000_mr025_nv5_1,0.7,0.5,0.583,0.857,0.429,0.571,0.857,0.429,0.571
SEIR015_sl500_mr025_nv10_18,0.591,0.5,0.542,0.75,0.692,0.72,0.75,0.692,0.72
SEIR01_sl500_mr025_nv10_12,0.894,0.824,0.857,0.846,0.863,0.854,0.863,0.863,0.863
SEIR015_sl500_mr025_nv10_20,0.846,0.688,0.759,0.911,0.797,0.85,0.912,0.812,0.86
SEIR015_sl500_mr025_nv10_11,0.857,0.75,0.8,0.714,0.625,0.667,0.714,0.625,0.667
SEIR01_sl250_mr025_nv10_11,0.688,0.688,0.688,0.625,0.625,0.625,0.625,0.625,0.625
SIR01_sl1000_mr15_nv5_9,0.737,0.596,0.659,0.763,0.617,0.682,0.763,0.617,0.682
SIR003_sl250_mr05_nv10_5,0.7,0.636,0.667,0.632,0.545,0.585,0.667,0.545,0.6
SIR01_sl500_mr15_nv10_6,0.962,0.862,0.909,0.931,0.931,0.931,0.931,0.931,0.931
SEIR015_sl500_mr025_nv10_17,0.857,0.857,0.857,0.857,0.857,0.857,0.857,0.857,0.857
SEIR015_sl1000_mr025_nv5_9,0.64,0.4,0.492,0.778,0.525,0.627,0.793,0.575,0.667
SEIR01_sl1000_mr025_nv20_12,0.9,1,0.947,0.85,0.944,0.895,0.947,1,0.973
SIR003_sl1000_mr1_nv10_5,0.75,0.667,0.706,1,0.556,0.714,1,0.556,0.714
SEIR01_sl1000_mr05_nv10_11,0.848,0.875,0.862,0.875,0.875,0.875,0.875,0.875,0.875
,0.803744642857144,0.726510714285715,0.75707142857143,0.787278571428573,0.745341071428572,0.760151785714287,0.788691071428573,0.7491625,0.76327142857143
